16,15,10,53,482,96,-134442,-1454,-5637922
16,15,10,53,483,97,-139210,-952,-5639210
16,15,10,53,483,98,-74901,-1254,-5638860
16,15,10,53,483,99,11923,-1049,-5638042
16,15,10,53,484,100,93752,-1809,-5637666
16,15,10,53,484,101,178896,-3968,-5639059
16,15,10,53,485,102,201342,-4897,-5638804
16,15,10,53,485,103,131808,-3671,-5638024
16,15,10,53,486,104,28369,-991,-5637660
16,15,10,53,486,105,-32307,-691,-5639032
16,15,10,53,486,106,-41874,-740,-5638736
16,15,10,53,487,107,-32863,-398,-5637957
16,15,10,53,487,108,-37201,-1377,-5637951
16,15,10,53,487,109,-73479,-3707,-5639297
16,15,10,53,488,110,-138777,-3716,-5638771
16,15,10,53,488,111,-214469,-1416,-5637988
16,15,10,53,488,112,-283243,-31,-5637698
16,15,10,53,489,113,-326472,96,-5638704
16,15,10,53,489,114,-345706,-737,-5638229
16,15,10,53,489,115,-343222,-1182,-5637732
16,15,10,53,490,116,-319629,-2996,-5638935
16,15,10,53,490,117,-268748,-3802,-5639002
16,15,10,53,490,118,-210415,-2956,-5638143
16,15,10,53,491,119,-174488,-322,-5637552
16,15,10,53,491,120,-141988,269,-5638724
16,15,10,53,491,121,-112318,25,-5639339
16,15,10,53,492,122,-102205,-284,-5638519
16,15,10,53,492,123,-84917,-1807,-5638244
16,15,10,53,492,124,-62291,-4067,-5639456
16,15,10,53,492,125,-49098,-3558,-5639266
16,15,10,53,493,126,-55867,-1070,-5638396
16,15,10,53,493,127,-68936,-154,-5638049
16,15,10,53,493,128,-79355,-338,-5639297
16,15,10,53,494,129,-79817,-446,-5639232
16,15,10,53,494,130,-75031,-364,-5638346
16,15,10,53,494,131,-62857,-2918,-5637768
16,15,10,53,495,132,-41467,-4165,-5638637
16,15,10,53,495,133,-14738,-3010,-5638849
16,15,10,53,495,134,10329,-474,-5638009
16,15,10,53,495,135,34627,313,-5637561
16,15,10,53,496,136,44934,944,-5638819
16,15,10,53,496,137,63482,1178,-5638892
16,15,10,53,496,138,95912,171,-5638032
16,15,10,53,675,139,130308,-2263,-5637879
16,15,10,53,675,140,146831,-1915,-5639307
16,15,10,53,676,141,152483,798,-5639058
16,15,10,53,676,142,154761,1728,-5638219
16,15,10,53,676,143,152818,1503,-5638187
16,15,10,53,677,144,154006,1862,-5639644
16,15,10,53,677,145,153701,1339,-5639286
16,15,10,53,678,146,140620,-884,-5638477
16,15,10,53,678,147,139784,-1596,-5638062
16,15,10,53,678,148,144293,1139,-5639496
16,15,10,53,679,149,144679,3039,-5639389
16,15,10,53,679,150,155384,2627,-5638585
16,15,10,53,679,151,162268,3155,-5638252
16,15,10,53,680,152,184241,3524,-5639571
16,15,10,53,680,153,204848,1586,-5639314
16,15,10,53,680,154,212347,-743,-5638554
16,15,10,53,681,155,216505,-597,-5638323
16,15,10,53,681,156,214561,922,-5639661
16,15,10,53,681,157,213961,4318,-5639299
16,15,10,53,682,158,218501,5151,-5638538
16,15,10,53,682,159,216859,6038,-5638432
16,15,10,53,682,160,213609,6689,-5639215
16,15,10,53,683,161,211206,4519,-5638592
16,15,10,53,683,162,206409,4911,-5638284
16,15,10,53,683,163,195488,8148,-5639676
16,15,10,53,684,164,173274,9919,-5639490
16,15,10,53,684,165,141344,11706,-5638627
16,15,10,53,684,166,113159,12693,-5638302
16,15,10,53,685,167,81319,14091,-5639674
16,15,10,53,685,168,50448,14135,-5639651
16,15,10,53,685,169,17686,13497,-5638782
16,15,10,53,686,170,-15202,14893,-5638463
16,15,10,53,686,171,-48881,18946,-5639792
16,15,10,53,686,172,-71919,22149,-5639749
16,15,10,53,687,173,-99768,23405,-5638859
16,15,10,53,687,174,-121789,24974,-5638780
16,15,10,53,687,175,-138929,26940,-5639970
16,15,10,53,688,176,-150656,25906,-5639612
16,15,10,53,688,177,-164864,26099,-5638721
16,15,10,53,689,178,-175416,28783,-5638676
16,15,10,53,689,179,-184369,33185,-5639971
16,15,10,53,689,180,-184777,34785,-5639602
16,15,10,53,690,181,-181662,35894,-5638756
16,15,10,53,690,182,-176908,37308,-5638598
16,15,10,53,690,183,-175072,37103,-5640037
16,15,10,53,691,184,-165714,35633,-5639772
16,15,10,53,691,185,-158634,37204,-5638935
16,15,10,53,692,186,-147919,40878,-5638558
16,15,10,53,692,187,-133494,41868,-5639865
16,15,10,53,692,188,-112397,42679,-5639779
16,15,10,53,693,189,-84752,43517,-5638920
16,15,10,53,693,190,-57561,43177,-5638814
16,15,10,53,694,191,-39116,40625,-5640059
16,15,10,53,694,192,-11634,39897,-5639651
16,15,10,53,694,193,12575,41181,-5638866
16,15,10,53,695,194,25916,43383,-5639228
16,15,10,53,695,195,21561,43786,-5640535
16,15,10,53,696,196,9734,43792,-5639885
16,15,10,53,696,197,-11910,43632,-5639103
16,15,10,53,696,198,-51339,42140,-5638629
16,15,10,53,697,199,-109806,41244,-5639885
16,15,10,53,697,200,-186080,41562,-5639684
16,15,10,53,698,201,-397317,40797,-5638906
16,15,10,53,698,202,-679507,39549,-5638637
16,15,10,53,698,203,-565219,38714,-5640239
16,15,10,53,699,204,-13046,37857,-5640006
16,15,10,53,699,205,420021,36091,-5639319
16,15,10,53,699,206,475793,32821,-5638919
16,15,10,53,700,207,331014,31040,-5639811
16,15,10,53,700,208,196204,29764,-5639364
16,15,10,53,700,209,47976,28849,-5638794
16,15,10,53,701,210,-61931,28597,-5639902
16,15,10,53,701,211,-103946,29561,-5640201
16,15,10,53,702,212,-157867,28871,-5639321
16,15,10,53,702,213,-230471,25998,-5638904
16,15,10,53,702,214,-306862,23795,-5640175
16,15,10,53,703,215,-384393,25555,-5640271
16,15,10,53,703,216,-418602,24969,-5639397
16,15,10,53,703,217,-393247,23463,-5638854
16,15,10,53,704,218,-307804,21832,-5639896
16,15,10,53,704,219,-168157,20897,-5640227
16,15,10,53,705,220,-6856,18998,-5639373
16,15,10,53,705,221,125216,15223,-5639115
16,15,10,53,705,222,196945,13039,-5640397
16,15,10,53,705,223,225514,12442,-5640235
16,15,10,53,706,224,228901,13946,-5639370
16,15,10,53,706,225,198076,13221,-5639107
16,15,10,53,707,226,159257,12204,-5640421
16,15,10,53,707,227,128376,11587,-5640214
16,15,10,53,707,228,104548,9564,-5639343
16,15,10,53,708,229,89321,5988,-5638857
16,15,10,53,708,230,91716,5350,-5640166
16,15,10,53,708,231,103778,7074,-5640231
16,15,10,53,709,232,113213,6253,-5639426
16,15,10,53,709,233,118978,4916,-5639033
16,15,10,53,710,234,123732,3853,-5640476
16,15,10,53,710,235,132988,2276,-5640418
16,15,10,53,710,236,148497,-1282,-5639628
16,15,10,53,711,237,167376,-2734,-5639155
16,15,10,53,711,238,193716,-890,-5640351
16,15,10,53,711,239,227418,-741,-5640351
16,15,10,53,712,240,255956,-1866,-5639564
16,15,10,53,712,241,277510,-2085,-5639498
16,15,10,53,713,242,298076,-3649,-5641014
16,15,10,53,713,243,304538,-6201,-5640553
16,15,10,53,713,244,302849,-8950,-5639768
16,15,10,53,714,245,301143,-9184,-5639155
16,15,10,53,714,246,296603,-6917,-5640484
16,15,10,53,714,247,287196,-6857,-5640588
16,15,10,53,715,248,261401,-7500,-5639866
16,15,10,53,715,249,223999,-8077,-5639309
16,15,10,53,716,250,178576,-9184,-5640499
16,15,10,53,925,251,130711,-12596,-5640407
16,15,10,53,925,252,78606,-13876,-5639651
16,15,10,53,926,253,32948,-12306,-5639819
16,15,10,53,926,254,-14157,-11504,-5641273
16,15,10,53,926,255,-51464,-12252,-5640650
16,15,10,53,927,0,-79567,-12562,-5639907
16,15,10,53,927,1,-103502,-13408,-5639672
16,15,10,53,927,2,-114867,-15152,-5641109
16,15,10,53,927,3,-114562,-17459,-5640699
16,15,10,53,928,4,-105348,-17567,-5639901
16,15,10,53,928,5,-83449,-15922,-5639754
16,15,10,53,928,6,-55243,-15419,-5641100
16,15,10,53,929,7,-16897,-15594,-5640627
16,15,10,53,929,8,39966,-15631,-5639861
16,15,10,53,929,9,118774,-16364,-5640119
16,15,10,53,929,10,201024,-19171,-5641351
16,15,10,53,930,11,277418,-19744,-5640727
16,15,10,53,930,12,333561,-17610,-5639987
16,15,10,53,930,13,357899,-15664,-5640201
16,15,10,53,930,14,360403,-15899,-5641297
16,15,10,53,931,15,353262,-15942,-5640645
16,15,10,53,931,16,330774,-16332,-5639896
16,15,10,53,931,17,297588,-18283,-5640269
16,15,10,53,932,18,249921,-19916,-5641247
16,15,10,53,932,19,189075,-19361,-5640579
16,15,10,53,932,20,110838,-16888,-5639786
16,15,10,53,933,21,16288,-15556,-5639957
16,15,10,53,933,22,-80452,-15092,-5641164
16,15,10,53,933,23,-166634,-14673,-5640645
16,15,10,53,934,24,-235788,-15104,-5639812
16,15,10,53,934,25,-284493,-17327,-5640090
16,15,10,53,934,26,-324155,-17594,-5641410
16,15,10,53,935,27,-335437,-15102,-5640907
16,15,10,53,935,28,-315869,-13342,-5640072
16,15,10,53,935,29,-271247,-13411,-5640516
16,15,10,53,936,30,-218243,-13087,-5641508
16,15,10,53,936,31,-167421,-12320,-5640899
16,15,10,53,936,32,-121132,-14251,-5640064
16,15,10,53,937,33,-85502,-15474,-5640533
16,15,10,53,937,34,-59516,-14570,-5641477
16,15,10,53,937,35,-26867,-11404,-5640838
16,15,10,53,938,36,9956,-9915,-5639927
16,15,10,53,938,37,45836,-9662,-5640039
16,15,10,53,938,38,66436,-9298,-5641324
16,15,10,53,939,39,75604,-9279,-5640911
16,15,10,53,939,40,71208,-11669,-5640044
16,15,10,53,939,41,56950,-11540,-5639857
16,15,10,53,940,42,29789,-8432,-5641132
16,15,10,53,940,43,-1596,-7264,-5640876
16,15,10,53,941,44,-32537,-6758,-5640032
16,15,10,53,941,45,-59409,-5644,-5640231
16,15,10,53,941,46,-80885,-5387,-5641092
16,15,10,53,942,47,-89240,-7149,-5640513
16,15,10,53,942,48,-90201,-8763,-5639702
16,15,10,53,942,49,-85325,-8245,-5640116
16,15,10,53,943,50,-85335,-5444,-5641118
16,15,10,53,943,51,-86007,-4294,-5640472
16,15,10,53,944,52,-87067,-3686,-5639667
16,15,10,53,944,53,-95130,-2882,-5640220
16,15,10,53,944,54,-102687,-3669,-5641162
16,15,10,53,945,55,-102078,-6129,-5640439
16,15,10,53,945,56,-94985,-6138,-5639638
16,15,10,53,945,57,-80253,-2785,-5639712
16,15,10,53,946,58,-60608,-1603,-5640309
16,15,10,53,946,59,-40768,-2176,-5639648
16,15,10,53,947,60,-21106,-1917,-5639829
16,15,10,53,947,61,1908,-1432,-5641182
16,15,10,53,948,62,21204,-3666,-5640655
16,15,10,53,948,63,32299,-5617,-5639847
16,15,10,53,949,64,38210,-5350,-5639852
16,15,10,53,949,65,40978,-2727,-5641082
16,15,10,53,950,66,42524,-1384,-5640586
16,15,10,53,950,67,50205,-1586,-5639757
16,15,10,53,951,68,64379,-1082,-5640203
16,15,10,53,951,69,98150,-1883,-5641237
16,15,10,53,951,70,147778,-4204,-5640621
16,15,10,53,952,71,200223,-3927,-5639776
16,15,10,53,952,72,232546,-1141,-5639757
16,15,10,53,953,73,239412,-213,-5640781
16,15,10,53,953,74,214394,-19,-5640313
16,15,10,53,953,75,165350,303,-5639566
16,15,10,53,954,76,105328,404,-5640382
16,15,10,53,954,77,72889,-2077,-5640989
16,15,10,53,955,78,56792,-3857,-5640274
16,15,10,53,955,79,42989,-3182,-5639466
16,15,10,53,955,80,40946,-692,-5640116
16,15,10,53,956,81,-54634,399,-5640790
16,15,10,53,956,82,-429842,0,-5640049
16,15,10,53,956,83,-827963,-51,-5639125
16,15,10,53,957,84,-1000111,-797,-5639707
16,15,10,53,957,85,-921199,-3197,-5640584
16,15,10,53,958,86,-602747,-3318,-5639982
16,15,10,53,958,87,-216321,-1154,-5639216
16,15,10,53,958,88,91530,-22,-5640114
16,15,10,53,959,89,250739,365,-5640784
16,15,10,53,959,90,320705,709,-5640081
16,15,10,53,959,91,433060,160,-5639394
16,15,10,53,959,92,584626,-1438,-5640595
16,15,10,53,960,93,643264,-2991,-5641031
16,15,10,53,960,94,559957,-2681,-5640308
16,15,10,53,960,95,348249,-49,-5639694
16,15,10,53,961,96,100670,833,-5640964
16,15,10,53,961,97,-30954,330,-5641082
16,15,10,53,962,98,-64869,1039,-5640337
16,15,10,53,962,99,-35868,-295,-5639551
16,15,10,53,962,100,53971,-3199,-5640431
16,15,10,53,963,101,139563,-3189,-5640881
16,15,10,53,963,102,215678,-936,-5640134
16,15,10,53,964,103,261631,314,-5639349
16,15,10,53,964,104,195884,106,-5639781
16,15,10,53,964,105,47426,-524,-5640312
16,15,10,53,965,106,-81144,-262,-5639651
16,15,10,53,965,107,-144092,-2694,-5640325
16,15,10,53,965,108,-151623,-4496,-5641206
16,15,10,53,966,109,-137536,-3977,-5640434
16,15,10,53,966,110,-131457,-627,-5639739
16,15,10,53,967,111,-150957,251,-5640464
16,15,10,53,967,112,-204143,661,-5641117
16,15,10,53,968,113,-280496,788,-5640331
16,15,10,53,968,114,-347367,-379,-5639594
16,15,10,53,968,115,-385481,-3263,-5640363
16,15,10,53,969,116,-389749,-3701,-5641291
16,15,10,53,969,117,-363881,-957,-5640577
16,15,10,53,969,118,-322623,32,-5639818
16,15,10,53,970,119,-279536,301,-5640468
16,15,10,53,970,120,-237516,456,-5641171
16,15,10,53,971,121,-197624,576,-5640465
16,15,10,53,971,122,-172991,-1912,-5639745
16,15,10,54,131,123,-157700,-3442,-5640788
16,15,10,54,131,124,-147541,-2869,-5641357
16,15,10,54,132,125,-154878,-289,-5640598
16,15,10,54,132,126,-138969,-131,-5639966
16,15,10,54,132,127,-95849,13,-5641162
16,15,10,54,132,128,-44019,-89,-5641400
16,15,10,54,133,129,12571,-612,-5640637
16,15,10,54,133,130,58771,-3484,-5639852
16,15,10,54,133,131,90498,-3575,-5640871
16,15,10,54,133,132,110997,-912,-5641634
16,15,10,54,134,133,119906,184,-5640944
16,15,10,54,134,134,124881,741,-5640167
16,15,10,54,134,135,127084,114,-5641069
16,15,10,54,135,136,120226,-274,-5641502
16,15,10,54,135,137,105543,-2095,-5640785
16,15,10,54,135,138,90831,-3674,-5640191
16,15,10,54,135,139,78220,-3095,-5641141
16,15,10,54,136,140,61029,-343,-5640989
16,15,10,54,136,141,42877,186,-5640309
16,15,10,54,136,142,22115,302,-5640967
16,15,10,54,136,143,-1074,531,-5641853
16,15,10,54,137,144,-24619,-860,-5641051
16,15,10,54,137,145,-48657,-3864,-5640397
16,15,10,54,137,146,-71752,-3820,-5641198
16,15,10,54,138,147,-87655,-1236,-5641975
16,15,10,54,138,148,-97129,-35,-5641168
16,15,10,54,138,149,-91922,284,-5640447
16,15,10,54,138,150,-70737,338,-5640866
16,15,10,54,139,151,-40927,994,-5642002
16,15,10,54,139,152,-3310,-1097,-5641314
16,15,10,54,139,153,22936,-2519,-5640570
16,15,10,54,139,154,40049,-1402,-5640906
16,15,10,54,140,155,60288,675,-5641909
16,15,10,54,140,156,81072,1020,-5641204
16,15,10,54,140,157,101636,1873,-5640649
16,15,10,54,141,158,127996,2545,-5641841
16,15,10,54,142,159,145876,1992,-5642208
16,15,10,54,142,160,150625,266,-5641364
16,15,10,54,143,161,143198,1519,-5640679
16,15,10,54,143,162,137996,5117,-5641426
16,15,10,54,143,163,136468,6764,-5641843
16,15,10,54,144,164,140329,7533,-5641086
16,15,10,54,144,165,138746,7939,-5640419
16,15,10,54,144,166,139334,8626,-5641499
16,15,10,54,145,167,132073,7444,-5641902
16,15,10,54,145,168,122826,7349,-5641175
16,15,10,54,145,169,120129,9563,-5640472
16,15,10,54,145,170,116282,13227,-5641446
16,15,10,54,146,171,110991,14834,-5641991
16,15,10,54,146,172,101739,16426,-5641218
16,15,10,54,146,173,92453,18301,-5640626
16,15,10,54,146,174,84496,18526,-5641878
16,15,10,54,147,175,74348,17293,-5642163
16,15,10,54,147,176,63854,19148,-5641382
16,15,10,54,147,177,51138,23656,-5640857
16,15,10,54,148,178,36703,25831,-5642225
16,15,10,54,148,179,14066,27423,-5642172
16,15,10,54,148,180,-12009,29399,-5641407
16,15,10,54,148,181,-34656,30877,-5640636
16,15,10,54,149,182,-59466,29847,-5641479
16,15,10,54,149,183,-87649,29858,-5641821
16,15,10,54,149,184,-106169,31671,-5641098
16,15,10,54,149,185,-116730,35158,-5640336
16,15,10,54,150,186,-116894,36636,-5641334
16,15,10,54,150,187,-111503,37861,-5641859
16,15,10,54,150,188,-97682,39209,-5641146
16,15,10,54,151,189,-77644,38629,-5640493
16,15,10,54,152,190,-49887,36898,-5641196
16,15,10,54,152,191,-14391,37908,-5640961
16,15,10,54,152,192,20368,40833,-5640336
16,15,10,54,153,193,39909,41523,-5641164
16,15,10,54,153,194,48124,41439,-5641706
16,15,10,54,153,195,32495,41653,-5640822
16,15,10,54,153,196,-3621,41099,-5640185
16,15,10,54,154,197,-56837,38058,-5641116
16,15,10,54,154,198,-119098,37343,-5641753
16,15,10,54,154,199,-173795,39999,-5640954
16,15,10,54,155,200,-278655,40258,-5640200
16,15,10,54,155,201,-537716,39890,-5640592
16,15,10,54,155,202,-751289,39336,-5641693
16,15,10,54,155,203,-479764,38599,-5641041
16,15,10,54,156,204,119590,36629,-5640446
16,15,10,54,156,205,512126,33374,-5641296
16,15,10,54,156,206,552544,31912,-5642050
16,15,10,54,157,207,415403,31266,-5641271
16,15,10,54,157,208,274283,32822,-5640560
16,15,10,54,157,209,160462,33294,-5641446
16,15,10,54,158,210,97510,32008,-5641979
16,15,10,54,158,211,59986,31483,-5641150
16,15,10,54,158,212,10779,27849,-5640329
16,15,10,54,159,213,-60636,25735,-5640920
16,15,10,54,159,214,-144694,27603,-5641839
16,15,10,54,159,215,-209939,26846,-5641156
16,15,10,54,346,216,-249371,25215,-5640420
16,15,10,54,347,217,-262447,24241,-5641419
16,15,10,54,347,218,-249571,22986,-5641986
16,15,10,54,347,219,-179204,20259,-5641255
16,15,10,54,347,220,-60281,16380,-5640531
16,15,10,54,348,221,86285,15269,-5641492
16,15,10,54,348,222,202645,16464,-5641996
16,15,10,54,348,223,252573,16303,-5641249
16,15,10,54,348,224,265380,15551,-5640509
16,15,10,54,349,225,244751,13660,-5641497
16,15,10,54,349,226,189500,11722,-5641804
16,15,10,54,349,227,133867,8276,-5641044
16,15,10,54,349,228,93811,5962,-5640256
16,15,10,54,350,229,66589,5411,-5641254
16,15,10,54,350,230,53129,6914,-5641742
16,15,10,54,350,231,51666,6841,-5641015
16,15,10,54,350,232,59439,6141,-5640351
16,15,10,54,351,233,63799,4622,-5641784
16,15,10,54,351,234,26780,1890,-5642159
16,15,10,54,351,235,1248,-1544,-5641413
16,15,10,54,351,236,20519,-1945,-5640739
16,15,10,54,352,237,67661,-1036,-5641579
16,15,10,54,352,238,126742,-1723,-5641504
16,15,10,54,352,239,171458,-2026,-5640842
16,15,10,54,352,240,196231,-2067,-5641546
16,15,10,54,352,241,211708,-3012,-5642467
16,15,10,54,353,242,223066,-6558,-5641667
16,15,10,54,353,243,238352,-8649,-5640911
16,15,10,54,353,244,252350,-7759,-5640996
16,15,10,54,353,245,248996,-6244,-5642177
16,15,10,54,353,246,232536,-7121,-5641579
16,15,10,54,353,247,209995,-7887,-5640829
16,15,10,54,354,248,174375,-8471,-5641209
16,15,10,54,354,249,138481,-10131,-5642305
16,15,10,54,354,250,112779,-10087,-5641629
16,15,10,54,354,251,93906,-9854,-5640903
16,15,10,54,354,252,66511,-10469,-5641631
16,15,10,54,355,253,39091,-11207,-5642514
16,15,10,54,355,254,18466,-11044,-5641751
16,15,10,54,355,255,7710,-10984,-5641086
16,15,10,54,355,0,338,-12289,-5642167
16,15,10,54,356,1,-3337,-15692,-5642642
16,15,10,54,356,2,981,-17305,-5641878
16,15,10,54,356,3,8063,-17638,-5641032
16,15,10,54,356,4,10211,-17924,-5641279
16,15,10,54,357,5,12864,-17936,-5642262
16,15,10,54,357,6,15315,-15510,-5641682
16,15,10,54,357,7,24832,-14633,-5640834
16,15,10,54,357,8,27532,-16426,-5641034
16,15,10,54,357,9,28691,-18577,-5642243
16,15,10,54,357,10,31794,-16464,-5641737
16,15,10,54,358,11,42962,-16069,-5641004
16,15,10,54,358,12,54700,-16282,-5641944
16,15,10,54,358,13,66701,-16302,-5642405
16,15,10,54,358,14,76267,-16061,-5641691
16,15,10,54,359,15,81374,-16683,-5640897
16,15,10,54,359,16,86081,-19291,-5641572
16,15,10,54,359,17,87345,-19719,-5642240
16,15,10,54,359,18,86046,-19392,-5641575
16,15,10,54,360,19,87795,-16815,-5640746
16,15,10,54,360,20,85531,-16034,-5641698
16,15,10,54,360,21,76351,-16189,-5642409
16,15,10,54,360,22,60088,-15596,-5641715
16,15,10,54,361,23,40253,-17137,-5640861
16,15,10,54,361,24,24733,-19132,-5641222
16,15,10,54,361,25,7589,-17986,-5642371
16,15,10,54,361,26,-856,-15244,-5641807
16,15,10,54,361,27,2137,-14839,-5641122
16,15,10,54,362,28,5026,-15109,-5642179
16,15,10,54,362,29,7597,-14851,-5642547
16,15,10,54,362,30,3701,-15110,-5641809
16,15,10,54,362,31,804,-17048,-5641172
16,15,10,54,363,32,3292,-16870,-5642349
16,15,10,54,363,33,12530,-14091,-5642614
16,15,10,54,363,34,16560,-12169,-5641834
16,15,10,54,363,35,12018,-11240,-5641202
16,15,10,54,364,36,5363,-10804,-5642404
16,15,10,54,364,37,-8447,-10901,-5642757
16,15,10,54,364,38,-28536,-11862,-5641946
16,15,10,54,364,39,-44221,-14114,-5641386
16,15,10,54,365,40,-47122,-13517,-5642581
16,15,10,54,365,41,-48662,-10879,-5642974
16,15,10,54,365,42,-44539,-9716,-5642156
16,15,10,54,365,43,-44337,-8852,-5641766
16,15,10,54,365,44,-55118,-8139,-5643033
16,15,10,54,366,45,-64437,-7184,-5642942
16,15,10,54,366,46,-79331,-9611,-5642095
16,15,10,54,366,47,-94283,-10277,-5641752
16,15,10,54,366,48,-110778,-7891,-5643175
16,15,10,54,367,49,-128984,-6075,-5643141
16,15,10,54,367,50,-138871,-5884,-5642267
16,15,10,54,367,51,-141285,-5721,-5641908
16,15,10,54,368,52,-136561,-4995,-5643080
16,15,10,54,368,53,-133026,-5577,-5642992
16,15,10,54,549,54,-130031,-7099,-5642116
16,15,10,54,549,55,-119579,-6872,-5641649
16,15,10,54,549,56,-101617,-4197,-5642932
16,15,10,54,550,57,-76384,-3224,-5643181
16,15,10,54,550,58,-42450,-2696,-5642327
16,15,10,54,550,59,-511,-2274,-5642277
16,15,10,54,550,60,48966,-2548,-5643491
16,15,10,54,551,61,84277,-4564,-5643108
16,15,10,54,551,62,101026,-4842,-5642235
16,15,10,54,551,63,106230,-2319,-5642145
16,15,10,54,551,64,103393,-146,-5643780
16,15,10,54,552,65,101358,252,-5643571
16,15,10,54,552,66,119306,-170,-5642725
16,15,10,54,552,67,150016,-675,-5642090
16,15,10,54,552,68,185936,-2131,-5643210
16,15,10,54,552,69,214481,-3966,-5643478
16,15,10,54,553,70,234454,-3922,-5642661
16,15,10,54,553,71,231563,-1506,-5642080
16,15,10,54,553,72,198691,70,-5643318
16,15,10,54,553,73,141693,322,-5643457
16,15,10,54,553,74,80511,108,-5642655
16,15,10,54,554,75,31688,-745,-5642292
16,15,10,54,554,76,1996,-3060,-5643609
16,15,10,54,554,77,-25981,-3388,-5643343
16,15,10,54,554,78,-122281,-896,-5642557
16,15,10,54,554,79,-418867,-112,-5642654
16,15,10,54,555,80,-753050,-304,-5643904
16,15,10,54,555,81,-913316,183,-5643313
16,15,10,54,555,82,-822254,643,-5642562
16,15,10,54,555,83,-482744,-1244,-5642328
16,15,10,54,555,84,-108198,-3534,-5643837
16,15,10,54,556,85,125289,-2564,-5643484
16,15,10,54,556,86,168121,544,-5642731
16,15,10,54,556,87,89346,1553,-5642283
16,15,10,54,556,88,103504,1629,-5643366
16,15,10,54,556,89,267306,1652,-5643044
16,15,10,54,557,90,404517,712,-5642628
16,15,10,54,557,91,390860,-1809,-5643957
16,15,10,54,557,92,225646,-2366,-5644027
16,15,10,54,557,93,29968,33,-5643164
16,15,10,54,557,94,-48117,1301,-5642722
16,15,10,54,558,95,-70817,2005,-5643921
16,15,10,54,558,96,-55401,2187,-5643971
16,15,10,54,558,97,24824,1656,-5643086
16,15,10,54,558,98,106071,-699,-5642799
16,15,10,54,559,99,197288,-3075,-5643960
16,15,10,54,559,100,270164,-3247,-5643769
16,15,10,54,559,101,197906,-1365,-5642876
16,15,10,54,559,102,19689,-601,-5642624
16,15,10,54,560,103,-122667,67,-5644066
16,15,10,54,560,104,-190562,86,-5643935
16,15,10,54,560,105,-213651,-650,-5643052
16,15,10,54,560,106,-220219,-3235,-5642701
16,15,10,54,561,107,-230578,-3193,-5644031
16,15,10,54,561,108,-249747,-289,-5643993
16,15,10,54,561,109,-294331,600,-5643136
16,15,10,54,561,110,-353964,517,-5643091
16,15,10,54,561,111,-406197,474,-5644399
16,15,10,54,562,112,-420072,836,-5644030
16,15,10,54,562,113,-410464,-1067,-5643193
16,15,10,54,562,114,-379775,-2596,-5643022
16,15,10,54,562,115,-329796,-2069,-5644324
16,15,10,54,563,116,-270876,839,-5644009
16,15,10,54,563,117,-211422,1425,-5643167
16,15,10,54,563,118,-163867,1649,-5642671
16,15,10,54,563,119,-120614,876,-5643979
16,15,10,54,564,120,-85929,431,-5643971
16,15,10,54,564,121,-70716,-2348,-5643201
16,15,10,54,564,122,-71336,-3001,-5642786
16,15,10,54,564,123,-69461,-526,-5644107
16,15,10,54,565,124,-52219,912,-5643971
16,15,10,54,565,125,-28001,754,-5643164
16,15,10,54,565,126,-9225,1131,-5642691
16,15,10,54,565,127,-2402,1403,-5643947
16,15,10,54,566,128,-1734,-861,-5643791
16,15,10,54,566,129,-4021,-2888,-5643042
16,15,10,54,566,130,5631,-2194,-5642817
16,15,10,54,566,131,27422,528,-5644006
16,15,10,54,567,132,58344,1374,-5643498
16,15,10,54,567,133,86393,1797,-5642756
16,15,10,54,567,134,108868,2241,-5642486
16,15,10,54,567,135,130057,1950,-5643981
16,15,10,54,568,136,142886,-1124,-5643623
16,15,10,54,568,137,149089,-1157,-5642874
16,15,10,54,568,138,152661,1201,-5642687
16,15,10,54,568,139,162527,1964,-5644010
16,15,10,54,569,140,165643,1934,-5643530
16,15,10,54,569,141,161131,1900,-5642856
16,15,10,54,569,142,153834,1090,-5643598
16,15,10,54,569,143,144924,-906,-5644093
16,15,10,54,570,144,118461,-2114,-5643241
16,15,10,54,570,145,79782,-1007,-5642552
16,15,10,54,570,146,48394,2181,-5643349
16,15,10,54,570,147,25536,2294,-5644078
16,15,10,54,571,148,6920,2657,-5643276
16,15,10,54,571,149,-1070,3202,-5642559
16,15,10,54,571,150,-8102,2584,-5643351
16,15,10,54,572,151,-9567,-109,-5644027
16,15,10,54,572,152,-6378,-169,-5643268
16,15,10,54,572,153,6268,2619,-5642536
16,15,10,54,572,154,18083,4156,-5643314
16,15,10,54,573,155,34149,4889,-5643966
16,15,10,54,573,156,52196,5099,-5643217
16,15,10,54,573,157,67889,5583,-5642547
16,15,10,54,573,158,82785,4064,-5643466
16,15,10,54,574,159,104820,3069,-5643762
16,15,10,54,574,160,116549,4225,-5642969
16,15,10,54,574,161,121879,7510,-5642342
16,15,10,54,574,162,123633,9194,-5643501
16,15,10,54,575,163,129493,10905,-5643534
16,15,10,54,575,164,141089,11999,-5642775
16,15,10,54,575,165,144897,12061,-5641996
16,15,10,54,719,166,128353,10700,-5642920
16,15,10,54,719,167,105096,11776,-5643602
16,15,10,54,719,168,77033,16051,-5642920
16,15,10,54,719,169,49396,18321,-5642191
16,15,10,54,720,170,23419,20072,-5643279
16,15,10,54,720,171,1146,21981,-5643663
16,15,10,54,720,172,-23796,23241,-5642933
16,15,10,54,720,173,-46631,22958,-5642376
16,15,10,54,721,174,-66090,22959,-5643790
16,15,10,54,721,175,-83101,25109,-5643805
16,15,10,54,721,176,-98199,29258,-5643044
16,15,10,54,722,177,-101653,31196,-5642423
16,15,10,54,722,178,-97881,32100,-5643284
16,15,10,54,722,179,-85023,33617,-5643064
16,15,10,54,722,180,-72555,33752,-5642336
16,15,10,54,723,181,-62512,32194,-5642746
16,15,10,54,723,182,-55932,33299,-5643637
16,15,10,54,723,183,-46362,36913,-5642872
16,15,10,54,723,184,-36506,38483,-5642168
16,15,10,54,724,185,-27924,39445,-5642769
16,15,10,54,724,186,-20452,40353,-5643905
16,15,10,54,724,187,-12416,41015,-5643172
16,15,10,54,724,188,5199,39145,-5642517
16,15,10,54,725,189,23009,38008,-5643267
16,15,10,54,725,190,26125,38797,-5643980
16,15,10,54,725,191,7099,41251,-5643146
16,15,10,54,725,192,-29358,42134,-5642474
16,15,10,54,726,193,-89417,42085,-5643242
16,15,10,54,726,194,-161669,42094,-5643722
16,15,10,54,726,195,-241678,40871,-5642894
16,15,10,54,726,196,-426952,37911,-5642106
16,15,10,54,726,197,-678437,37503,-5642637
16,15,10,54,727,198,-645804,40076,-5643569
16,15,10,54,727,199,-194016,40228,-5642916
16,15,10,54,727,200,292071,39436,-5642189
16,15,10,54,727,201,455320,38192,-5643024
16,15,10,54,728,202,337783,37092,-5643664
16,15,10,54,728,203,214912,36734,-5642934
16,15,10,54,728,204,145600,36527,-5642202
16,15,10,54,728,205,97243,35271,-5643167
16,15,10,54,728,206,93683,33854,-5643674
16,15,10,54,729,207,63876,32432,-5642949
16,15,10,54,729,208,-17294,30909,-5642281
16,15,10,54,729,209,-96220,29984,-5643556
16,15,10,54,730,210,-145454,27838,-5643842
16,15,10,54,730,211,-165547,23968,-5643061
16,15,10,54,730,212,-162496,22496,-5642224
16,15,10,54,731,213,-162738,21290,-5643038
16,15,10,54,731,214,-187889,19879,-5643864
16,15,10,54,731,215,-200896,18869,-5643201
16,15,10,54,732,216,-192176,18735,-5642402
16,15,10,54,732,217,-124795,19613,-5643314
16,15,10,54,732,218,-4624,17539,-5643972
16,15,10,54,732,219,90816,17301,-5643259
16,15,10,54,733,220,125692,16531,-5642659
16,15,10,54,733,221,117034,15412,-5643620
16,15,10,54,733,222,108560,14673,-5643473
16,15,10,54,734,223,90234,13568,-5642758
16,15,10,54,734,224,61676,12911,-5643204
16,15,10,54,734,225,58532,10886,-5644129
16,15,10,54,734,226,73733,6921,-5643359
16,15,10,54,735,227,100869,5803,-5642604
16,15,10,54,735,228,132006,5356,-5642860
16,15,10,54,735,229,166658,6689,-5643822
16,15,10,54,736,230,197356,5417,-5643117
16,15,10,54,736,231,222164,4916,-5642437
16,15,10,54,736,232,256254,4216,-5643352
16,15,10,54,737,233,281371,879,-5644216
16,15,10,54,737,234,285114,-1034,-5643451
16,15,10,54,737,235,285810,350,-5642746
16,15,10,54,738,236,290385,295,-5643256
16,15,10,54,738,237,289089,-542,-5644206
16,15,10,54,738,238,274944,-1532,-5643467
16,15,10,54,739,239,241006,-2459,-5642829
16,15,10,54,739,240,193556,-4544,-5643817
16,15,10,54,739,241,166696,-7617,-5644276
16,15,10,54,739,242,155401,-8760,-5643449
16,15,10,54,740,243,143098,-6877,-5642679
16,15,10,54,740,244,132972,-6460,-5643653
16,15,10,54,909,245,118024,-6601,-5644480
16,15,10,54,909,246,103058,-7587,-5643748
16,15,10,54,910,247,91327,-8160,-5642951
16,15,10,54,910,248,58433,-11726,-5643481
16,15,10,54,910,249,43731,-11856,-5644296
16,15,10,54,911,250,36360,-10072,-5643652
16,15,10,54,911,251,6520,-10586,-5642998
16,15,10,54,911,252,-1339,-10827,-5644040
16,15,10,54,912,253,-2618,-11074,-5644394
16,15,10,54,912,254,-5719,-11496,-5643637
16,15,10,54,912,255,12437,-13405,-5642951
16,15,10,54,912,0,39826,-16391,-5644221
16,15,10,54,913,1,58654,-17137,-5644699
16,15,10,54,913,2,83146,-17546,-5643967
16,15,10,54,913,3,94064,-17356,-5643163
16,15,10,54,913,4,80591,-15071,-5644002
16,15,10,54,914,5,69223,-14371,-5644611
16,15,10,54,914,6,73562,-15094,-5643915
16,15,10,54,914,7,79197,-17452,-5643067
16,15,10,54,914,8,89222,-17198,-5643623
16,15,10,54,915,9,96403,-14255,-5644419
16,15,10,54,915,10,98814,-14060,-5643755
16,15,10,54,915,11,98525,-14279,-5643100
16,15,10,54,915,12,107826,-14410,-5643876
16,15,10,54,916,13,123755,-14226,-5643649
16,15,10,54,916,14,128884,-15524,-5643055
16,15,10,54,916,15,122138,-18010,-5643982
16,15,10,54,916,16,126443,-18062,-5644395
16,15,10,54,917,17,146628,-15222,-5643554
16,15,10,54,917,18,170287,-13735,-5642857
16,15,10,54,917,19,184933,-13209,-5643379
16,15,10,54,917,20,195867,-13347,-5644443
16,15,10,54,918,21,182188,-13828,-5643674
16,15,10,54,918,22,158186,-15758,-5642919
16,15,10,54,918,23,139116,-16236,-5643692
16,15,10,54,918,24,126604,-14879,-5644677
16,15,10,54,919,25,88088,-12672,-5643890
16,15,10,54,919,26,38721,-12096,-5643182
16,15,10,54,919,27,-4893,-12030,-5644016
16,15,10,54,919,28,-34041,-11290,-5644754
16,15,10,54,920,29,-41086,-12042,-5643936
16,15,10,54,920,30,-66402,-14074,-5643247
16,15,10,54,920,31,-104017,-13212,-5644087
16,15,10,54,920,32,-130957,-10249,-5644820
16,15,10,54,920,33,-167014,-9382,-5644021
16,15,10,54,921,34,-180110,-9059,-5643276
16,15,10,54,921,35,-168570,-8624,-5644096
16,15,10,54,921,36,-159231,-8194,-5644806
16,15,10,54,922,37,-147190,-10320,-5644085
16,15,10,54,922,38,-127997,-10862,-5643274
16,15,10,54,922,39,-117329,-9156,-5643624
16,15,10,54,922,40,-97653,-6447,-5644471
16,15,10,54,923,41,-74894,-5514,-5643825
16,15,10,54,923,42,-68896,-5080,-5643158
16,15,10,54,923,43,-69996,-4995,-5644260
16,15,10,54,923,44,-77335,-5525,-5644508
16,15,10,54,923,45,-86981,-4772,-5643731
16,15,10,54,924,46,-85760,-4038,-5643024
16,15,10,54,924,47,-83436,-3239,-5643911
16,15,10,54,924,48,-79019,-2760,-5644157
16,15,10,54,925,49,-61824,-2124,-5643416
16,15,10,54,925,50,-42168,-1796,-5642642
16,15,10,54,925,51,-22829,-2272,-5643260
16,15,10,54,926,52,-2242,-4662,-5643656
16,15,10,54,926,53,9708,-5269,-5642924
16,15,10,54,926,54,8796,-5304,-5642292
16,15,10,54,926,55,8673,-5229,-5643577
16,15,10,54,927,56,15881,-4911,-5643676
16,15,10,54,927,57,21004,-3697,-5642926
16,15,10,54,927,58,30555,-1383,-5642342
16,15,10,54,928,59,59225,-1933,-5643134
16,15,10,54,928,60,91786,-909,-5642862
16,15,10,54,928,61,126419,276,-5642222
16,15,10,54,929,62,151464,808,-5643132
16,15,10,54,930,63,164384,914,-5643735
16,15,10,54,930,64,172619,893,-5642898
16,15,10,54,931,65,180219,1336,-5642311
16,15,10,54,932,66,178684,970,-5643236
16,15,10,54,932,67,148754,-969,-5643471
16,15,10,54,932,68,123908,-2202,-5642601
16,15,10,54,932,69,113872,-1802,-5641894
16,15,10,54,933,70,109052,474,-5642405
16,15,10,54,933,71,74999,1669,-5643386
16,15,10,54,933,72,-100938,1604,-5642602
16,15,10,54,934,73,-421879,1341,-5641998
16,15,10,54,934,74,-659642,-453,-5642932
16,15,10,54,934,75,-719590,-2647,-5643171
16,15,10,54,934,76,-571752,-1761,-5642347
16,15,10,54,935,77,-306701,1123,-5641807
16,15,10,54,935,78,-76171,1579,-5642842
16,15,10,54,935,79,48760,1769,-5643131
16,15,10,54,935,80,77224,2117,-5642291
16,15,10,54,936,81,137243,1412,-5641777
16,15,10,54,936,82,300236,-1099,-5642900
16,15,10,54,936,83,453696,-1914,-5643002
16,15,10,54,937,84,448586,106,-5642167
16,15,10,54,937,85,319819,1233,-5641472
16,15,10,54,937,86,130279,1240,-5642472
16,15,10,54,938,87,-18280,1393,-5642856
16,15,10,54,938,88,-65001,1474,-5642084
16,15,10,54,938,89,-40672,-29,-5641345
16,15,10,54,938,90,21484,-2294,-5642304
16,15,10,54,939,91,105321,-2357,-5642831
16,15,10,54,939,92,201870,233,-5642094
16,15,10,54,939,93,279282,1042,-5641681
16,15,10,55,105,94,266984,956,-5643059
16,15,10,55,105,95,150402,1086,-5642926
16,15,10,55,106,96,3916,356,-5642169
16,15,10,55,106,97,-68115,-2225,-5641580
16,15,10,55,106,98,-52446,-2714,-5642870
16,15,10,55,107,99,-13551,-611,-5642912
16,15,10,55,107,100,4223,996,-5642157
16,15,10,55,107,101,-799,769,-5641484
16,15,10,55,108,102,-51994,625,-5642523
16,15,10,55,108,103,-138192,431,-5642632
16,15,10,55,108,104,-231054,-1161,-5641862
16,15,10,55,109,105,-295895,-3314,-5641192
16,15,10,55,109,106,-322718,-3378,-5642161
16,15,10,55,109,107,-315639,-541,-5642180
16,15,10,55,109,108,-307880,398,-5641577
16,15,10,55,110,109,-288374,639,-5642541
16,15,10,55,110,110,-278521,371,-5642982
16,15,10,55,110,111,-257530,-352,-5642123
16,15,10,55,110,112,-227121,-3167,-5641561
16,15,10,55,111,113,-217571,-3775,-5642486
16,15,10,55,111,114,-221134,-1412,-5642741
16,15,10,55,111,115,-226662,95,-5641833
16,15,10,55,112,116,-227867,187,-5641306
16,15,10,55,112,117,-228214,163,-5642391
16,15,10,55,112,118,-231512,120,-5642541
16,15,10,55,112,119,-224749,-2314,-5641718
16,15,10,55,113,120,-206486,-4256,-5641194
16,15,10,55,113,121,-182151,-3881,-5642510
16,15,10,55,113,122,-161768,-1166,-5642926
16,15,10,55,114,123,-140850,-372,-5642111
16,15,10,55,114,124,-109179,-975,-5641983
16,15,10,55,114,125,-73718,-849,-5643426
16,15,10,55,114,126,-44748,-891,-5643154
16,15,10,55,115,127,-9825,-3413,-5642323
16,15,10,55,115,128,15109,-4067,-5641869
16,15,10,55,115,129,30186,-1486,-5643272
16,15,10,55,116,130,40824,3,-5643359
16,15,10,55,116,131,44943,-171,-5642525
16,15,10,55,116,132,53815,-199,-5641875
16,15,10,55,116,133,63488,-171,-5643141
16,15,10,55,117,134,65216,-2382,-5643429
16,15,10,55,117,135,70939,-4096,-5642656
16,15,10,55,117,136,102580,-3377,-5642026
16,15,10,55,117,137,130681,-463,-5643301
16,15,10,55,118,138,132966,486,-5643403
16,15,10,55,118,139,138869,574,-5642648
16,15,10,55,118,140,125576,579,-5642379
16,15,10,55,118,141,131905,41,-5643846
16,15,10,55,119,142,138391,-2437,-5643467
16,15,10,55,119,143,120871,-2859,-5642693
16,15,10,55,119,144,127473,-252,-5642139
16,15,10,55,120,145,113821,1131,-5642953
16,15,10,55,120,146,100172,1433,-5642554
16,15,10,55,120,147,110425,1781,-5641880
16,15,10,55,121,148,111704,2155,-5642616
16,15,10,55,121,149,123724,718,-5643126
16,15,10,55,121,150,136721,-1027,-5642271
16,15,10,55,122,151,131929,-284,-5641623
16,15,10,55,122,152,123739,2786,-5642463
16,15,10,55,122,153,124956,4568,-5643289
16,15,10,55,122,154,130871,5316,-5642494
16,15,10,55,123,155,127831,6029,-5642156
16,15,10,55,123,156,113741,6531,-5643507
16,15,10,55,123,157,85871,5258,-5643461
16,15,10,55,123,158,67970,6341,-5642551
16,15,10,55,124,159,38831,9936,-5641969
16,15,10,55,124,160,17471,12000,-5643177
16,15,10,55,124,161,8468,13163,-5643584
16,15,10,55,124,162,1890,14174,-5642740
16,15,10,55,125,163,13376,15891,-5642095
16,15,10,55,125,164,16807,15232,-5643031
16,15,10,55,125,165,-996,14689,-5643416
16,15,10,55,126,166,-3012,16761,-5642596
16,15,10,55,126,167,4136,21321,-5641913
16,15,10,55,126,168,-3399,23379,-5642897
16,15,10,55,127,169,2493,24561,-5643474
16,15,10,55,127,170,8274,25870,-5642677
16,15,10,55,127,171,-3114,26765,-5642191
16,15,10,55,127,172,6553,25609,-5643479
16,15,10,55,128,173,21212,26589,-5643455
16,15,10,55,128,174,42647,30149,-5642639
16,15,10,55,128,175,58645,32676,-5642127
16,15,10,55,128,176,72372,33987,-5643436
16,15,10,55,129,177,106464,35274,-5643426
16,15,10,55,129,178,154969,36510,-5642625
16,15,10,55,129,179,184076,35140,-5641836
16,15,10,55,130,180,202741,34061,-5642809
16,15,10,55,130,181,187071,35001,-5643324
16,15,10,55,130,182,133088,37738,-5642587
16,15,10,55,130,183,57933,38787,-5641972
16,15,10,55,131,184,-39769,39132,-5643378
16,15,10,55,131,185,-143968,38938,-5643512
16,15,10,55,131,186,-241267,38121,-5642737
16,15,10,55,294,187,-362173,35690,-5642417
16,15,10,55,294,188,-629837,34939,-5643281
16,15,10,55,294,189,-959504,36843,-5642727
16,15,10,55,295,190,-866130,37344,-5642073
16,15,10,55,295,191,-247878,37006,-5642974
16,15,10,55,295,192,334320,37533,-5643569
16,15,10,55,296,193,584033,36943,-5642744
16,15,10,55,296,194,522859,34341,-5642032
16,15,10,55,296,195,393404,31779,-5642527
16,15,10,55,297,196,309246,31689,-5643277
16,15,10,55,297,197,207033,33241,-5642469
16,15,10,55,297,198,112351,33451,-5641786
16,15,10,55,298,199,28094,32461,-5642591
16,15,10,55,298,200,-40619,31468,-5643390
16,15,10,55,298,201,-95719,29514,-5642566
16,15,10,55,298,202,-137161,26151,-5642009
16,15,10,55,299,203,-150624,24745,-5643238
16,15,10,55,299,204,-125351,25713,-5643622
16,15,10,55,299,205,-92237,25492,-5642738
16,15,10,55,300,206,-81974,24762,-5642332
16,15,10,55,300,207,-84002,24298,-5643613
16,15,10,55,300,208,-89732,22868,-5643690
16,15,10,55,300,209,-102016,19144,-5642823
16,15,10,55,301,210,-118482,16317,-5642266
16,15,10,55,301,211,-177102,15836,-5643451
16,15,10,55,301,212,-268036,17308,-5643789
16,15,10,55,302,213,-279397,16510,-5642969
16,15,10,55,302,214,-181439,15380,-5642394
16,15,10,55,302,215,-78005,14374,-5643716
16,15,10,55,302,216,-11801,11721,-5644108
16,15,10,55,303,217,33494,8379,-5643335
16,15,10,55,303,218,83091,7505,-5642674
16,15,10,55,303,219,128491,8802,-5643732
16,15,10,55,304,220,154518,8834,-5644154
16,15,10,55,304,221,184678,7354,-5643361
16,15,10,55,304,222,229823,6176,-5642792
16,15,10,55,304,223,276876,5493,-5644029
16,15,10,55,305,224,303297,2077,-5644172
16,15,10,55,305,225,299491,-202,-5643364
16,15,10,55,305,226,305540,-393,-5642624
16,15,10,55,306,227,318544,1224,-5643719
16,15,10,55,306,228,313953,1406,-5644109
16,15,10,55,306,229,285324,166,-5643386
16,15,10,55,306,230,238100,-613,-5642596
16,15,10,55,307,231,185618,-1973,-5643457
16,15,10,55,307,232,150268,-6076,-5644066
16,15,10,55,307,233,126574,-7311,-5643366
16,15,10,55,308,234,103583,-5637,-5642817
16,15,10,55,308,235,93682,-5177,-5643755
16,15,10,55,308,236,83747,-5352,-5643514
16,15,10,55,308,237,63296,-5527,-5642831
16,15,10,55,309,238,55956,-7245,-5643492
16,15,10,55,309,239,50180,-10301,-5644144
16,15,10,55,309,240,45233,-12496,-5643311
16,15,10,55,310,241,50296,-12578,-5642627
16,15,10,55,310,242,55834,-10582,-5643366
16,15,10,55,310,243,62138,-10752,-5644081
16,15,10,55,310,244,75866,-11108,-5643224
16,15,10,55,311,245,88574,-11359,-5642567
16,15,10,55,311,246,112674,-12747,-5643344
16,15,10,55,312,247,131641,-16167,-5643863
16,15,10,55,312,248,147135,-16574,-5643054
16,15,10,55,312,249,157683,-14226,-5642366
16,15,10,55,313,250,168676,-13746,-5643089
16,15,10,55,313,251,188700,-14075,-5643751
16,15,10,55,313,252,206353,-14869,-5642951
16,15,10,55,313,253,220233,-15222,-5642407
16,15,10,55,314,254,238286,-17524,-5643531
16,15,10,55,314,255,246626,-19124,-5643672
16,15,10,55,314,0,245551,-18892,-5642821
16,15,10,55,315,1,238054,-16258,-5642372
16,15,10,55,315,2,225959,-15736,-5643484
16,15,10,55,315,3,209304,-15320,-5643287
16,15,10,55,316,4,180223,-15558,-5642484
16,15,10,55,316,5,149594,-16587,-5642025
16,15,10,55,316,6,120130,-19271,-5643306
16,15,10,55,316,7,82278,-19330,-5643147
16,15,10,55,317,8,39809,-16324,-5642364
16,15,10,55,317,9,1751,-15469,-5641902
16,15,10,55,317,10,-27690,-15558,-5643271
16,15,10,55,317,11,-42703,-15150,-5643141
16,15,10,55,317,12,-50466,-15315,-5642365
16,15,10,55,318,13,-53135,-17326,-5642077
16,15,10,55,318,14,-71422,-18431,-5642800
16,15,10,55,318,15,-85846,-17431,-5642226
16,15,10,55,319,16,-93091,-15129,-5641759
16,15,10,55,319,17,-94002,-13872,-5643036
16,15,10,55,319,18,-87932,-13227,-5643100
16,15,10,55,319,19,-78399,-12656,-5642221
16,15,10,55,320,20,-72594,-13383,-5641602
16,15,10,55,320,21,-65591,-15710,-5642736
16,15,10,55,320,22,-59921,-14931,-5643309
16,15,10,55,321,23,-66921,-11621,-5642436
16,15,10,55,321,24,-79611,-10379,-5641836
16,15,10,55,321,25,-85667,-9804,-5642737
16,15,10,55,322,26,-99722,-9415,-5643169
16,15,10,55,322,27,-111302,-9209,-5642351
16,15,10,55,322,28,-109883,-11646,-5641874
16,15,10,55,514,29,-101951,-12459,-5643096
16,15,10,55,514,30,-98381,-11275,-5643327
16,15,10,55,515,31,-92142,-8373,-5642450
16,15,10,55,515,32,-85087,-6987,-5642021
16,15,10,55,515,33,-71787,-6426,-5643213
16,15,10,55,516,34,-67634,-6224,-5643260
16,15,10,55,516,35,-66283,-6737,-5642362
16,15,10,55,516,36,-59580,-8938,-5641809
16,15,10,55,517,37,-49462,-8297,-5642868
16,15,10,55,517,38,-35218,-5333,-5642949
16,15,10,55,517,39,-18864,-4304,-5642113
16,15,10,55,518,40,-4491,-4096,-5641643
16,15,10,55,518,41,8856,-3611,-5642932
16,15,10,55,518,42,16828,-3117,-5642958
16,15,10,55,519,43,19409,-4952,-5642144
16,15,10,55,519,44,19199,-3182,-5641852
16,15,10,55,519,45,26313,-1669,-5643189
16,15,10,55,519,46,33065,-1584,-5642969
16,15,10,55,520,47,36483,-1800,-5642150
16,15,10,55,520,48,39171,-1651,-5641896
16,15,10,55,520,49,51887,-1506,-5642484
16,15,10,55,520,50,67479,-2434,-5641873
16,15,10,55,521,51,96393,-4512,-5641050
16,15,10,55,521,52,127995,-4346,-5640961
16,15,10,55,521,53,156463,-4125,-5641835
16,15,10,55,522,54,171758,-4082,-5641224
16,15,10,55,522,55,174610,-929,-5640895
16,15,10,55,522,56,159859,255,-5642267
16,15,10,55,522,57,149256,49,-5642054
16,15,10,55,523,58,152234,-2270,-5641209
16,15,10,55,523,59,155433,-2264,-5641365
16,15,10,55,524,60,118948,118,-5642514
16,15,10,55,524,61,-72410,980,-5641930
16,15,10,55,524,62,-389477,843,-5641132
16,15,10,55,525,63,-645682,984,-5641597
16,15,10,55,525,64,-745287,1229,-5642380
16,15,10,55,525,65,-666494,-445,-5641707
16,15,10,55,526,66,-427239,-2617,-5640900
16,15,10,55,526,67,-126592,-2809,-5641058
16,15,10,55,526,68,53956,-112,-5642101
16,15,10,55,527,69,94931,1219,-5641588
16,15,10,55,527,70,172558,1243,-5640756
16,15,10,55,527,71,340690,1350,-5641141
16,15,10,55,528,72,451957,726,-5642260
16,15,10,55,528,73,362630,-1796,-5641695
16,15,10,55,528,74,178116,-3181,-5640849
16,15,10,55,528,75,97292,-2078,-5641539
16,15,10,55,529,76,98891,347,-5642251
16,15,10,55,529,77,78076,192,-5641574
16,15,10,55,529,78,45627,-70,-5640832
16,15,10,55,530,79,37249,-24,-5642009
16,15,10,55,530,80,85370,-1286,-5642634
16,15,10,55,530,81,164181,-3505,-5641918
16,15,10,55,531,82,208336,-2682,-5641033
16,15,10,55,531,83,144232,-525,-5641256
16,15,10,55,532,84,-30037,106,-5642171
16,15,10,55,532,85,-192802,285,-5641546
16,15,10,55,532,86,-244592,-119,-5640797
16,15,10,55,533,87,-202574,-469,-5641444
16,15,10,55,533,88,-139432,-3159,-5641735
16,15,10,55,533,89,-112941,-4743,-5640996
16,15,10,55,534,90,-148779,-4031,-5640730
16,15,10,55,534,91,-232122,-1102,-5642172
16,15,10,55,534,92,-323052,-279,-5641799
16,15,10,55,535,93,-392640,-471,-5641061
16,15,10,55,535,94,-421871,-594,-5641207
16,15,10,55,536,95,-407478,-581,-5642277
16,15,10,55,536,96,-374623,-571,-5641637
16,15,10,55,536,97,-329380,-446,-5640930
16,15,10,55,537,98,-277871,-325,-5641610
16,15,10,55,537,99,-246126,-74,-5642459
16,15,10,55,537,100,-218404,-362,-5641717
16,15,10,55,538,101,-203090,-537,-5640929
16,15,10,55,539,102,-200680,-449,-5640955
16,15,10,55,540,103,-196636,-3042,-5642244
16,15,10,55,540,104,-194985,-3937,-5641754
16,15,10,55,541,105,-180366,-4047,-5640953
16,15,10,55,541,106,-150245,-3987,-5641132
16,15,10,55,542,107,-126291,-4049,-5642285
16,15,10,55,542,108,-110986,-3383,-5641689
16,15,10,55,542,109,-101556,-450,-5640900
16,15,10,55,543,110,-88298,-1159,-5641607
16,15,10,55,543,111,-75216,-1159,-5642367
16,15,10,55,544,112,-62380,376,-5641636
16,15,10,55,544,113,-41132,620,-5640832
16,15,10,55,544,114,-13593,586,-5641509
16,15,10,55,545,115,19713,767,-5642227
16,15,10,55,545,116,54036,331,-5641547
16,15,10,55,546,117,76834,-132,-5640701
16,15,10,55,546,118,93723,-3079,-5641183
16,15,10,55,546,119,109199,-3871,-5641866
16,15,10,55,547,120,117176,-3617,-5641201
16,15,10,55,547,121,120802,-1130,-5640388
16,15,10,55,548,122,126090,629,-5641341
16,15,10,55,548,123,134238,663,-5642062
16,15,10,55,548,124,138806,714,-5641409
16,15,10,55,549,125,151836,-1089,-5640730
16,15,10,55,549,126,162552,-3642,-5641964
16,15,10,55,550,127,170579,-2918,-5642226
16,15,10,55,550,128,185203,-495,-5641483
16,15,10,55,550,129,199694,422,-5640774
16,15,10,55,551,130,210884,379,-5641417
16,15,10,55,551,131,208633,713,-5641212
16,15,10,55,552,132,204579,593,-5640524
16,15,10,55,552,133,191219,-2124,-5641191
16,15,10,55,553,134,174816,-2742,-5642071
16,15,10,55,553,135,162816,-822,-5641271
16,15,10,55,553,136,156299,1613,-5640561
16,15,10,55,554,137,152649,1524,-5641269
16,15,10,55,554,138,149156,2468,-5642219
16,15,10,55,555,139,138877,2906,-5641493
16,15,10,55,555,140,132983,1864,-5640840
16,15,10,55,768,141,122678,488,-5641503
16,15,10,55,769,142,104204,1783,-5642104
16,15,10,55,769,143,88244,4889,-5641278
16,15,10,55,769,144,74316,6652,-5640663
16,15,10,55,769,145,53658,7409,-5641654
16,15,10,55,770,146,41414,8625,-5642052
16,15,10,55,770,147,25195,9057,-5641199
16,15,10,55,770,148,13204,9879,-5640499
16,15,10,55,770,149,1029,11724,-5641404
16,15,10,55,770,150,-8069,12651,-5641928
16,15,10,55,771,151,-19063,13535,-5641158
16,15,10,55,771,152,-29651,14467,-5640363
16,15,10,55,771,153,-36242,15929,-5641046
16,15,10,55,772,154,-45624,17285,-5641801
16,15,10,55,772,155,-57863,17296,-5641110
16,15,10,55,772,156,-68132,16514,-5640526
16,15,10,55,772,157,-68522,18174,-5641624
16,15,10,55,773,158,-60846,19877,-5641652
16,15,10,55,773,159,-56799,21374,-5640908
16,15,10,55,773,160,-44840,22889,-5640424
16,15,10,55,774,161,-35041,25708,-5641631
16,15,10,55,774,162,-18351,29003,-5641424
16,15,10,55,774,163,7918,29456,-5640645
16,15,10,55,774,164,32496,32640,-5640002
16,15,10,55,775,165,61519,33985,-5641241
16,15,10,55,775,166,86886,35303,-5641287
16,15,10,55,775,167,109419,35768,-5640532
16,15,10,55,775,168,116404,36303,-5640082
16,15,10,55,776,169,104068,37340,-5641082
16,15,10,55,776,170,70306,36501,-5640677
16,15,10,55,777,171,12909,34491,-5640144
16,15,10,55,777,172,-59587,34629,-5641267
16,15,10,55,777,173,-137725,35676,-5641609
16,15,10,55,778,174,-256419,37321,-5640689
16,15,10,55,778,175,-525241,38081,-5640274
16,15,10,55,778,176,-909676,38085,-5641385
16,15,10,55,779,177,-946540,37664,-5641302
16,15,10,55,779,178,-357620,35119,-5640454
16,15,10,55,780,179,377515,34680,-5639996
16,15,10,55,780,180,733865,37190,-5641254
16,15,10,55,780,181,684799,37989,-5641483
16,15,10,55,781,182,566822,36914,-5640603
16,15,10,55,781,183,482889,35679,-5640192
16,15,10,55,782,184,362225,35107,-5641335
16,15,10,55,782,185,216184,32624,-5641202
16,15,10,55,783,186,62770,29836,-5640365
16,15,10,55,783,187,-46461,29343,-5640606
16,15,10,55,783,188,-97949,30771,-5641925
16,15,10,55,784,189,-116294,30810,-5641395
16,15,10,55,784,190,-130972,30419,-5640545
16,15,10,55,784,191,-120899,29202,-5640445
16,15,10,55,785,192,-83784,27452,-5641669
16,15,10,55,785,193,-52062,23959,-5641304
16,15,10,55,786,194,-28225,22341,-5640471
16,15,10,55,786,195,7214,23866,-5640204
16,15,10,55,786,196,26268,23686,-5641521
16,15,10,55,787,197,29666,22458,-5641166
16,15,10,55,787,198,12569,21538,-5640371
16,15,10,55,787,199,-43602,20531,-5640373
16,15,10,55,788,200,-165136,18608,-5641147
16,15,10,55,788,201,-293179,18277,-5640544
16,15,10,55,789,202,-354839,17876,-5640147
16,15,10,55,789,203,-303954,17075,-5641550
16,15,10,55,789,204,-190967,15666,-5641461
16,15,10,55,790,205,-66472,14643,-5640682
16,15,10,55,790,206,23073,12581,-5640574
16,15,10,55,790,207,81088,10631,-5641881
16,15,10,55,791,208,128810,6994,-5641497
16,15,10,55,791,209,164278,4725,-5640694
16,15,10,55,792,210,184408,3653,-5640507
16,15,10,55,792,211,213408,2903,-5641706
16,15,10,55,792,212,235106,1902,-5641424
16,15,10,55,793,213,240138,1400,-5640584
16,15,10,55,793,214,239086,3004,-5640228
16,15,10,55,793,215,237609,1481,-5641546
16,15,10,55,794,216,223294,1473,-5641516
16,15,10,55,794,217,202361,2067,-5640626
16,15,10,55,794,218,191286,1599,-5640455
16,15,10,55,795,219,182153,170,-5641784
16,15,10,55,795,220,166412,-934,-5641539
16,15,10,55,795,221,150348,-1499,-5640672
16,15,10,55,796,222,134534,-3244,-5640937
16,15,10,55,796,223,127321,-6771,-5642186
16,15,10,55,796,224,122839,-7972,-5641697
16,15,10,55,797,225,123013,-7957,-5640828
16,15,10,55,797,226,119544,-6067,-5641167
16,15,10,55,797,227,116486,-5756,-5642248
16,15,10,55,798,228,113562,-7063,-5641672
16,15,10,55,798,229,110453,-7788,-5640776
16,15,10,55,799,230,105094,-9924,-5640901
16,15,10,55,799,231,106144,-12329,-5642324
16,15,10,55,799,232,106290,-11590,-5641900
16,15,10,55,800,233,108821,-9844,-5641067
16,15,10,55,800,234,109172,-10166,-5641057
16,15,10,55,800,235,103749,-11010,-5642110
16,15,10,55,801,236,103048,-11415,-5641613
16,15,10,55,801,237,112329,-12389,-5640779
16,15,10,55,802,238,119095,-15679,-5641364
16,15,10,55,802,239,123558,-16634,-5642259
16,15,10,55,802,240,128607,-14709,-5641576
16,15,10,55,803,241,131133,-13821,-5640791
16,15,10,55,803,242,129968,-13810,-5641384
16,15,10,55,803,243,124634,-14077,-5642071
16,15,10,55,804,244,119431,-14216,-5641326
16,15,10,55,804,245,116503,-16385,-5640548
16,15,10,55,805,246,100873,-18729,-5640644
16,15,10,55,805,247,80350,-18399,-5641255
16,15,10,55,805,248,65932,-15712,-5640581
16,15,10,55,806,249,51565,-14780,-5640433
16,15,10,55,806,250,39504,-14567,-5641657
16,15,10,55,806,251,29030,-14097,-5641191
16,15,10,55,807,252,23403,-14802,-5640394
16,15,10,55,807,253,10547,-17374,-5640549
16,15,10,55,807,254,242,-17549,-5641491
16,15,10,55,808,255,-1651,-15224,-5640858
16,15,10,55,808,0,-8927,-14094,-5640124
16,15,10,55,809,1,-13258,-14004,-5640919
16,15,10,55,809,2,-16651,-13803,-5641844
16,15,10,55,809,3,-22124,-13719,-5641074
16,15,10,55,810,4,-31037,-15396,-5640212
16,15,10,55,810,5,-49731,-16586,-5640401
16,15,10,55,811,6,-73692,-15874,-5641576
16,15,10,55,811,7,-99976,-12932,-5641069
16,15,10,55,812,8,-126171,-11712,-5640202
16,15,10,55,812,9,-144724,-11504,-5640248
16,15,10,55,812,10,-154844,-11383,-5641452
16,15,10,55,813,11,-153917,-11691,-5641046
16,15,10,55,813,12,-154521,-13657,-5640218
16,15,10,55,813,13,-164552,-13492,-5640836
16,15,10,55,814,14,-176589,-10131,-5641449
16,15,10,55,814,15,-174184,-8767,-5640760
16,15,10,55,815,16,-163007,-8081,-5639956
16,15,10,55,815,17,-149894,-7752,-5640676
16,15,10,55,815,18,-130258,-7378,-5641376
16,15,10,55,816,19,-101816,-8719,-5640685
16,15,10,55,982,20,-78278,-9585,-5639990
16,15,10,55,982,21,-53794,-8361,-5641183
16,15,10,55,982,22,-37419,-5408,-5641420
16,15,10,55,982,23,-20642,-4164,-5640670
16,15,10,55,983,24,-1586,-3612,-5639917
16,15,10,55,983,25,16153,-3277,-5640534
16,15,10,55,983,26,29778,-3651,-5640808
16,15,10,55,983,27,32227,-6019,-5640089
16,15,10,55,984,28,35537,-5821,-5640302
16,15,10,55,984,29,44168,-2906,-5641446
16,15,10,55,984,30,54321,-1829,-5640733
16,15,10,55,984,31,70153,-1499,-5640063
16,15,10,55,985,32,90885,-1117,-5641056
16,15,10,55,985,33,111511,-374,-5641972
16,15,10,55,985,34,127786,-1522,-5641142
16,15,10,55,985,35,145249,-2899,-5640333
16,15,10,55,986,36,162476,-2027,-5640461
16,15,10,55,986,37,177771,956,-5641711
16,15,10,55,986,38,190454,1694,-5641162
16,15,10,55,987,39,187708,2095,-5640402
16,15,10,55,987,40,170522,2040,-5641037
16,15,10,55,987,41,147261,1328,-5642074
16,15,10,55,987,42,116591,-1517,-5641378
16,15,10,55,988,43,86854,-1181,-5640669
16,15,10,55,988,44,66098,1438,-5641451
16,15,10,55,988,45,66619,2034,-5642080
16,15,10,55,989,46,-14217,2427,-5641312
16,15,10,55,989,47,-337776,2507,-5640520
16,15,10,55,989,48,-718354,2753,-5641176
16,15,10,55,990,49,-919687,348,-5641954
16,15,10,55,990,50,-870290,-1006,-5641226
16,15,10,55,990,51,-621689,-1109,-5640419
16,15,10,55,991,52,-289342,1505,-5640999
16,15,10,55,992,53,-316,2486,-5641846
16,15,10,55,992,54,202961,2387,-5641193
16,15,10,55,992,55,287828,2538,-5640364
16,15,10,55,993,56,290874,1532,-5640909
16,15,10,55,993,57,343057,-1181,-5641972
16,15,10,55,994,58,381241,-1506,-5641351
16,15,10,55,994,59,246542,586,-5640529
16,15,10,55,994,60,19498,1319,-5641276
16,15,10,55,995,61,-104543,1505,-5641829
16,15,10,55,995,62,-113519,2063,-5641147
16,15,10,55,996,63,-64581,1317,-5640535
16,15,10,55,996,64,53188,-1231,-5641882
16,15,10,55,996,65,166511,-2630,-5642012
16,15,10,55,997,66,226238,-1655,-5641260
16,15,10,55,997,67,209065,1053,-5640394
16,15,10,55,997,68,74731,1690,-5640929
16,15,10,55,998,69,-105729,1966,-5641717
16,15,10,55,998,70,-216228,1360,-5641022
16,15,10,55,999,71,-235544,19,-5640313
16,15,10,55,999,72,-187961,-2799,-5641431
16,15,10,55,999,73,-121631,-2815,-5641832
16,15,10,56,0,74,-76892,-271,-5641087
16,15,10,56,0,75,-80922,346,-5640442
16,15,10,56,0,76,-127803,171,-5641254
16,15,10,56,0,77,-187591,-176,-5641348
16,15,10,56,1,78,-237387,-476,-5640637
16,15,10,56,1,79,-267590,-2723,-5640911
16,15,10,56,1,80,-285657,-4459,-5641929
16,15,10,56,2,81,-290937,-4317,-5641197
16,15,10,56,2,82,-274662,-1684,-5640456
16,15,10,56,3,83,-246361,-882,-5640762
16,15,10,56,3,84,-230018,-976,-5641780
16,15,10,56,4,85,-227153,-1131,-5641073
16,15,10,56,4,86,-236864,-2057,-5640334
16,15,10,56,4,87,-255354,-4002,-5640659
16,15,10,56,5,88,-280527,-3669,-5641609
16,15,10,56,5,89,-306139,-1083,-5640880
16,15,10,56,6,90,-307841,-1004,-5640253
16,15,10,56,6,91,-290655,-676,-5641328
16,15,10,56,6,92,-283247,-457,-5641607
16,15,10,56,7,93,-286896,-766,-5640797
16,15,10,56,7,94,-285393,-2687,-5640194
16,15,10,56,7,95,-271419,-1190,-5641291
16,15,10,56,8,96,-241055,-540,-5641566
16,15,10,56,8,97,-199921,-705,-5640767
16,15,10,56,8,98,-163737,-960,-5640075
16,15,10,56,9,99,-126278,-811,-5641175
16,15,10,56,9,100,-89241,-466,-5641565
16,15,10,56,10,101,-51202,-1826,-5640827
16,15,10,56,10,102,-9506,-4019,-5640190
16,15,10,56,10,103,35064,-4074,-5641378
16,15,10,56,11,104,80270,-4409,-5641439
16,15,10,56,11,105,113276,-4452,-5640699
16,15,10,56,12,106,136848,-3247,-5640239
16,15,10,56,12,107,154119,-641,-5641756
16,15,10,56,13,108,164466,-677,-5641661
16,15,10,56,13,109,167618,-2514,-5640923
16,15,10,56,13,110,159203,-997,-5640366
16,15,10,56,14,111,158645,52,-5641329
16,15,10,56,14,112,155801,694,-5641054
16,15,10,56,14,113,157766,824,-5640646
16,15,10,56,15,114,161573,584,-5641921
16,15,10,56,15,115,163403,929,-5641956
16,15,10,56,16,116,164235,-563,-5641039
16,15,10,56,16,117,168191,-2529,-5640413
16,15,10,56,182,118,169895,-2361,-5641230
16,15,10,56,182,119,172071,-1317,-5641776
16,15,10,56,182,120,173214,1355,-5640930
16,15,10,56,183,121,173327,2206,-5640532
16,15,10,56,183,122,169669,2909,-5641897
16,15,10,56,184,123,168783,2848,-5642012
16,15,10,56,184,124,173789,1164,-5641165
16,15,10,56,184,125,179195,1372,-5640627
16,15,10,56,184,126,176711,5024,-5641774
16,15,10,56,185,127,172071,6956,-5642113
16,15,10,56,185,128,164018,7660,-5641251
16,15,10,56,185,129,152504,8003,-5640789
16,15,10,56,185,130,134078,9599,-5642006
16,15,10,56,186,131,125400,9901,-5641993
16,15,10,56,186,132,129174,8458,-5641174
16,15,10,56,186,133,131765,9550,-5640497
16,15,10,56,187,134,130639,13103,-5641622
16,15,10,56,187,135,134318,15638,-5642048
16,15,10,56,187,136,125738,16612,-5641312
16,15,10,56,187,137,115528,18519,-5640628
16,15,10,56,188,138,112218,19781,-5641690
16,15,10,56,188,139,104458,18709,-5642073
16,15,10,56,188,140,97971,19348,-5641306
16,15,10,56,188,141,105937,22184,-5640830
16,15,10,56,189,142,110876,26413,-5642130
16,15,10,56,189,143,122284,28176,-5641955
16,15,10,56,189,144,135217,29862,-5641176
16,15,10,56,189,145,134844,31195,-5640726
16,15,10,56,190,146,116907,30989,-5641580
16,15,10,56,190,147,104989,29801,-5641089
16,15,10,56,190,148,95572,31594,-5640367
16,15,10,56,191,149,81133,35617,-5640932
16,15,10,56,191,150,73429,37323,-5641756
16,15,10,56,191,151,86823,37778,-5640949
16,15,10,56,192,152,120614,38206,-5640353
16,15,10,56,192,153,160878,38549,-5641370
16,15,10,56,193,154,196363,37008,-5641876
16,15,10,56,193,155,233414,36237,-5641043
16,15,10,56,193,156,256257,37634,-5640549
16,15,10,56,194,157,259726,40460,-5641589
16,15,10,56,194,158,228533,40810,-5641739
16,15,10,56,194,159,154461,40131,-5640846
16,15,10,56,195,160,46193,40149,-5640391
16,15,10,56,195,161,-68910,38269,-5641656
16,15,10,56,195,162,-181419,35943,-5641730
16,15,10,56,196,163,-372175,36408,-5640831
16,15,10,56,196,164,-763379,38860,-5640237
16,15,10,56,196,165,-1030334,38881,-5641352
16,15,10,56,197,166,-674660,38307,-5641718
16,15,10,56,197,167,52355,37438,-5640987
16,15,10,56,198,168,501619,36052,-5640514
16,15,10,56,198,169,531601,33278,-5641771
16,15,10,56,198,170,389346,31499,-5641916
16,15,10,56,199,171,286251,31921,-5641112
16,15,10,56,199,172,196611,33317,-5640782
16,15,10,56,199,173,106519,32729,-5642133
16,15,10,56,200,174,7869,31691,-5641899
16,15,10,56,200,175,-79952,30683,-5641042
16,15,10,56,201,176,-122737,27462,-5640604
16,15,10,56,201,177,-142784,23789,-5641967
16,15,10,56,202,178,-164939,23310,-5641832
16,15,10,56,202,179,-167344,24829,-5641029
16,15,10,56,202,180,-149987,23796,-5640392
16,15,10,56,203,181,-140443,22498,-5641639
16,15,10,56,203,182,-155062,21138,-5641729
16,15,10,56,204,183,-174746,19465,-5640965
16,15,10,56,204,184,-199852,15311,-5640292
16,15,10,56,204,185,-259981,13274,-5641551
16,15,10,56,205,186,-345150,13476,-5641794
16,15,10,56,205,187,-400228,14424,-5641057
16,15,10,56,205,188,-361321,13344,-5640662
16,15,10,56,206,189,-274411,12173,-5641499
16,15,10,56,206,190,-188694,10876,-5641024
16,15,10,56,206,191,-141677,8059,-5640484
16,15,10,56,207,192,-130002,4379,-5641526
16,15,10,56,207,193,-127177,4013,-5641675
16,15,10,56,207,194,-122471,5573,-5640768
16,15,10,56,208,195,-92658,5376,-5640134
16,15,10,56,208,196,-32906,4242,-5641162
16,15,10,56,208,197,38838,3219,-5641682
16,15,10,56,209,198,100871,1808,-5640839
16,15,10,56,209,199,147321,-1993,-5640271
16,15,10,56,209,200,180315,-4099,-5641277
16,15,10,56,210,201,200717,-3047,-5641749
16,15,10,56,210,202,211101,-2247,-5640923
16,15,10,56,211,203,224709,-2419,-5640571
16,15,10,56,211,204,239536,-2684,-5641844
16,15,10,56,212,205,243440,-3662,-5641800
16,15,10,56,212,206,237534,-6217,-5640917
16,15,10,56,212,207,232196,-9070,-5640542
16,15,10,56,213,208,229128,-9541,-5641911
16,15,10,56,213,209,218611,-8231,-5641852
16,15,10,56,213,210,205808,-7841,-5640986
16,15,10,56,214,211,202234,-8342,-5640604
16,15,10,56,214,212,199813,-9012,-5641783
16,15,10,56,215,213,205217,-9986,-5641501
16,15,10,56,215,214,203844,-12906,-5640684
16,15,10,56,215,215,200413,-14038,-5640171
16,15,10,56,215,216,197861,-12757,-5641601
16,15,10,56,216,217,191587,-11566,-5641626
16,15,10,56,216,218,187228,-12226,-5640851
16,15,10,56,216,219,176042,-12612,-5640809
16,15,10,56,217,220,169151,-13085,-5641776
16,15,10,56,217,221,163149,-15169,-5641213
16,15,10,56,400,222,147249,-17609,-5640556
16,15,10,56,400,223,138920,-17684,-5641537
16,15,10,56,400,224,140634,-15360,-5641955
