"1,111,111,111"
"0,0"
"8,220,282,257"
"110,723,111,976"
"110,799,112,028"
"110,766,112,015"
"110,786,111,992"
"110,661,111,973"
"110,783,111,990"
"110,878,111,971"
"110,852,112,029"
"110,863,112,017"
"110,756,111,970"
"110,868,112,010"
"110,939,112,054"
"110,942,112,036"
"110,952,112,028"
"110,892,112,033"
"110,960,112,060"
"111,091,112,124"
"111,051,112,084"
"111,034,112,052"
"110,978,112,078"
"111,058,112,086"
"111,139,112,138"
"111,087,112,084"
"111,158,112,088"
"111,063,112,066"
"111,100,112,098"
"111,254,112,133"
"111,190,112,175"
"111,165,112,076"
"111,091,112,076"
"111,201,112,162"
"111,279,112,136"
"111,255,112,155"
"111,270,112,096"
"111,141,112,127"
"111,239,112,152"
"111,327,112,197"
"111,313,112,174"
"111,330,112,156"
"111,218,112,125"
"111,336,112,151"
"111,423,112,233"
"111,413,112,210"
"111,378,112,179"
"111,322,112,127"
"111,419,112,234"
"111,459,112,199"
"111,479,112,200"
"111,392,112,177"
"111,275,112,154"
"111,317,112,153"
"111,334,112,170"
"111,260,112,125"
"111,106,112,024"
"110,930,111,985"
"110,922,111,940"
"110,884,111,973"
"110,726,111,873"
"110,607,111,778"
"110,423,111,717"
"110,404,111,703"
"110,386,111,748"
"110,342,111,684"
"110,218,111,649"
"110,076,111,560"
"110,112,111,596"
"110,177,111,644"
"110,075,111,624"
"110,091,111,564"
"109,961,111,516"
"110,067,111,534"
"110,096,111,619"
"110,047,111,564"
"109,999,111,480"
"109,912,111,486"
"110,028,111,517"
"110,059,111,584"
"110,013,111,511"
"110,018,111,495"
"109,930,111,524"
"110,041,111,533"
"110,087,111,625"
"110,046,111,566"
"110,053,111,549"
"110,010,111,546"
"110,143,111,575"
"110,165,111,647"
"110,205,111,614"
"110,176,111,627"
"110,133,111,612"
"110,259,111,623"
"110,302,111,691"
"110,347,111,693"
"110,322,111,645"
"110,300,111,658"
"110,398,111,739"
"110,468,111,729"
"110,481,111,771"
"110,479,111,702"
"110,401,111,746"
"110,542,111,749"
"110,595,111,842"
"110,618,111,795"
"110,606,111,820"
"110,505,111,796"
"110,697,111,834"
"110,711,111,868"
"110,679,111,859"
"110,704,111,819"
"110,629,111,825"
"110,725,111,884"
"110,748,111,864"
"110,741,111,829"
"110,699,111,844"
"110,587,111,796"
"110,669,111,865"
"110,717,111,830"
"110,697,111,856"
"110,611,111,748"
"110,506,111,762"
"110,638,111,791"
"110,608,111,788"
"110,594,111,764"
"110,261,111,666"
"110,597,111,794"
"110,611,111,750"
"110,811,111,834"
"110,843,111,861"
"110,848,111,815"
"110,260,111,541"
"110,314,111,577"
"110,262,111,544"
"110,141,111,513"
"109,768,111,312"
"109,661,111,312"
"109,606,111,230"
"109,732,111,312"
"109,810,111,338"
"109,751,111,337"
"109,671,111,252"
"109,633,111,256"
"109,731,111,340"
"109,775,111,310"
"109,778,111,345"
"109,704,111,261"
"109,673,111,292"
"109,750,111,323"
"109,843,111,330"
"109,801,111,333"
"109,748,111,323"
"109,709,111,320"
"109,846,111,318"
"109,891,111,359"
"109,832,111,316"
"109,771,111,366"
"109,727,111,282"
"109,906,111,394"
"109,945,111,379"
"109,900,111,380"
"109,876,111,333"
"109,856,111,367"
"109,967,111,365"
"110,052,111,426"
"109,995,111,422"
"109,952,111,398"
"109,898,111,403"
"110,049,111,404"
"110,108,111,484"
"110,017,111,459"
"109,997,111,394"
"109,921,111,397"
"110,021,111,414"
"110,119,111,463"
"110,062,111,419"
"109,964,111,416"
"109,868,111,372"
"109,986,111,404"
"110,046,111,434"
"109,927,111,380"
"109,875,111,372"
"109,787,111,345"
"109,908,111,343"
"109,962,111,391"
"109,887,111,370"
"109,721,111,292"
"109,695,111,250"
"109,776,111,355"
"109,820,111,335"
"109,788,111,300"
"109,661,111,274"
"109,590,111,272"
"109,725,111,294"
"109,738,111,324"
"109,682,111,268"
"109,611,111,267"
"109,566,111,209"
"109,612,111,248"
"109,753,111,297"
"109,667,111,259"
"109,567,111,261"
"109,481,111,195"
"109,625,111,228"
"109,682,111,278"
"109,616,111,260"
"109,553,111,189"
"109,500,111,198"
"109,615,111,238"
"109,652,111,264"
"109,655,111,254"
"109,541,111,235"
"109,520,111,176"
"109,616,111,289"
"109,684,111,289"
"109,665,111,293"
"109,581,111,230"
"109,579,111,228"
"109,621,111,281"
"109,716,111,287"
"109,696,111,287"
"109,601,111,284"
"109,550,111,246"
"109,691,111,255"
"109,771,111,322"
"109,737,111,318"
"109,662,111,283"
"109,639,111,286"
"109,799,111,305"
"109,868,111,370"
"109,839,111,363"
"109,756,111,311"
"109,750,111,327"
"109,937,111,386"
"109,967,111,400"
"109,975,111,363"
"109,967,111,377"
"109,886,111,404"
"110,067,111,432"
"110,124,111,481"
"110,135,111,479"
"110,078,111,451"
"110,105,111,408"
"110,190,111,521"
"110,265,111,556"
"110,267,111,532"
"110,271,111,467"
"110,178,111,480"
"110,362,111,572"
"110,402,111,582"
"110,410,111,570"
"110,351,111,533"
"110,328,111,547"
"110,472,111,586"
"110,518,111,649"
"110,443,111,562"
"110,430,111,565"
"110,392,111,575"
"110,470,111,620"
"110,560,111,605"
"110,492,111,627"
"110,425,111,559"
"110,382,111,575"
"110,500,111,627"
"110,519,111,648"
"110,444,111,611"
"110,379,111,528"
"110,284,111,544"
"110,300,111,516"
"110,286,111,512"
"110,156,111,474"
"109,937,111,334"
"109,803,111,302"
"109,831,111,299"
"109,769,111,294"
"109,646,111,225"
"109,474,111,169"
"109,279,111,099"
"109,352,111,111"
"109,302,111,095"
"109,218,111,039"
"109,021,110,986"
"108,980,110,947"
"108,954,110,933"
"108,995,110,923"
"108,875,110,922"
"108,797,110,859"
"108,689,110,829"
"108,734,110,815"
"108,769,110,861"
"108,646,110,826"
"108,571,110,738"
"108,489,110,727"
"108,512,110,791"
"108,539,110,750"
"108,530,110,697"
"108,435,110,710"
"108,354,110,666"
"108,434,110,742"
"108,476,110,737"
"108,424,110,704"
"108,318,110,679"
"108,337,110,618"
"108,386,110,729"
"108,460,110,736"
"108,406,110,707"
"108,356,110,680"
"108,353,110,658"
"108,417,110,738"
"108,512,110,730"
"108,483,110,755"
"108,416,110,699"
"108,422,110,702"
"108,492,110,761"
"108,564,110,759"
"108,555,110,780"
"108,499,110,701"
"108,492,110,742"
"108,587,110,796"
"108,631,110,833"
"108,647,110,755"
"108,569,110,785"
"108,540,110,775"
"108,696,110,822"
"108,717,110,862"
"108,708,110,822"
"108,673,110,793"
"108,623,110,825"
"108,751,110,861"
"108,765,110,881"
"108,760,110,821"
"108,729,110,806"
"108,638,110,817"
"108,757,110,853"
"108,790,110,863"
"108,733,110,837"
"108,698,110,809"
"108,605,110,810"
"108,719,110,839"
"108,757,110,880"
"108,703,110,813"
"108,606,110,779"
"108,564,110,752"
"108,613,110,797"
"108,692,110,793"
"108,579,110,795"
"108,502,110,693"
"108,488,110,731"
"108,530,110,754"
"108,548,110,765"
"108,540,110,704"
"108,422,110,697"
"108,354,110,649"
"108,442,110,734"
"108,479,110,719"
"108,400,110,685"
"108,325,110,611"
"108,302,110,647"
"108,359,110,670"
"108,405,110,692"
"108,336,110,675"
"108,251,110,589"
"108,267,110,604"
"108,319,110,681"
"108,369,110,685"
"108,363,110,635"
"108,257,110,617"
"108,273,110,607"
"108,339,110,684"
"108,406,110,656"
"108,338,110,678"
"108,264,110,598"
"108,293,110,642"
"108,366,110,685"
"108,412,110,681"
"108,411,110,674"
"108,333,110,634"
"108,320,110,642"
"108,415,110,656"
"108,487,110,725"
"108,449,110,679"
"108,393,110,684"
"108,397,110,661"
"108,498,110,695"
"108,553,110,761"
"108,523,110,711"
"108,503,110,684"
"108,494,110,729"
"108,614,110,756"
"108,695,110,812"
"108,706,110,803"
"108,646,110,775"
"108,697,110,773"
"108,781,110,860"
"108,899,110,877"
"108,902,110,896"
"108,884,110,885"
"108,878,110,825"
"109,030,110,942"
"109,116,110,945"
"109,110,110,967"
"109,106,110,929"
"109,165,110,964"
"109,245,111,038"
"109,363,111,017"
"109,358,111,089"
"109,345,111,054"
"109,318,111,033"
"109,477,111,101"
"109,589,111,131"
"109,539,111,158"
"109,535,111,070"
"109,555,111,109"
"109,673,111,191"
"109,739,111,208"
"109,725,111,204"
"109,665,111,189"
"109,668,111,118"
"109,776,111,234"
"109,837,111,261"
"109,791,111,204"
"109,739,111,193"
"109,679,111,183"
"109,812,111,263"
"109,834,111,243"
"109,782,111,219"
"109,625,111,187"
"109,599,111,106"
"109,578,111,176"
"109,496,111,069"
"109,364,111,009"
"109,123,110,915"
"109,015,110,858"
"109,014,110,868"
"108,936,110,845"
"108,823,110,749"
"108,647,110,705"
"108,547,110,654"
"108,552,110,687"
"108,512,110,635"
"108,376,110,626"
"108,256,110,494"
"108,192,110,479"
"108,199,110,481"
"108,181,110,493"
"108,078,110,459"
"107,971,110,406"
"107,910,110,346"
"107,951,110,430"
"107,984,110,392"
"107,891,110,378"
"107,823,110,320"
"107,748,110,296"
"107,869,110,375"
"107,856,110,375"
"107,828,110,342"
"107,747,110,311"
"107,766,110,270"
"107,836,110,387"
"107,863,110,334"
"107,845,110,324"
"107,811,110,329"
"107,808,110,331"
"107,861,110,405"
"107,931,110,363"
"107,921,110,390"
"107,822,110,349"
"107,870,110,354"
"107,951,110,386"
"108,032,110,448"
"108,005,110,376"
"107,964,110,388"
"107,954,110,400"
"108,078,110,458"
"108,129,110,447"
"108,107,110,468"
"108,009,110,415"
"108,101,110,418"
"108,201,110,524"
"108,229,110,528"
"108,202,110,505"
"108,186,110,451"
"108,173,110,490"
"108,289,110,522"
"108,347,110,560"
"108,328,110,560"
"108,261,110,499"
"108,301,110,541"
"108,367,110,554"
"108,443,110,608"
"108,410,110,563"
"108,317,110,534"
"108,292,110,506"
"108,416,110,592"
"108,442,110,580"
"108,432,110,581"
"108,345,110,519"
"108,328,110,503"
"108,401,110,571"
"108,450,110,580"
"108,374,110,550"
"108,306,110,527"
"108,309,110,497"
"108,384,110,535"
"108,434,110,546"
"108,357,110,548"
"108,293,110,475"
"108,257,110,480"
"108,337,110,501"
"108,369,110,525"
"108,337,110,502"
"108,267,110,456"
"108,252,110,464"
"108,359,110,510"
"108,395,110,534"
"108,316,110,494"
"108,269,110,452"
"108,262,110,504"
"108,329,110,495"
"108,399,110,549"
"108,342,110,515"
"108,309,110,442"
"108,311,110,488"
"108,408,110,527"
"108,460,110,565"
"108,408,110,536"
"108,342,110,467"
"108,335,110,521"
"108,446,110,548"
"108,541,110,584"
"108,481,110,590"
"108,405,110,517"
"108,446,110,512"
"108,572,110,597"
"108,608,110,648"
"108,566,110,593"
"108,527,110,528"
"108,555,110,605"
"108,672,110,675"
"108,752,110,655"
"108,731,110,662"
"108,633,110,643"
"108,722,110,655"
"108,840,110,697"
"108,864,110,741"
"108,846,110,692"
"108,829,110,713"
"108,825,110,658"
"108,971,110,771"
"109,027,110,785"
"109,015,110,763"
"108,902,110,733"
"108,971,110,748"
"109,089,110,813"
"109,157,110,859"
"109,085,110,803"
"109,080,110,803"
"109,054,110,773"
"109,204,110,875"
"109,247,110,921"
"109,220,110,845"
"109,140,110,815"
"109,152,110,793"
"109,320,110,913"
"109,302,110,954"
"109,324,110,886"
"109,278,110,899"
"109,231,110,857"
"109,346,110,937"
"109,470,110,947"
"109,417,110,951"
"109,312,110,879"
"109,396,110,941"
"109,513,110,974"
"109,551,111,014"
"109,519,110,987"
"109,457,110,988"
"109,492,110,925"
"109,626,111,031"
"109,675,111,059"
"109,600,111,037"
"109,588,110,951"
"109,553,111,052"
"109,701,111,083"
"109,781,111,100"
"109,744,111,087"
"109,645,111,066"
"109,674,111,023"
"109,797,111,097"
"109,795,111,154"
"109,755,111,071"
"109,687,111,039"
"109,621,111,047"
"109,706,111,053"
"109,634,111,065"
"109,502,110,935"
"109,366,110,866"
"109,209,110,817"
"109,209,110,832"
"109,178,110,800"
"109,020,110,718"
"108,838,110,625"
"108,772,110,582"
"108,803,110,647"
"108,747,110,568"
"108,647,110,555"
"108,519,110,495"
"108,476,110,465"
"108,509,110,507"
"108,521,110,503"
"108,423,110,464"
"108,353,110,430"
"108,332,110,405"
"108,379,110,481"
"108,412,110,416"
"108,327,110,434"
"108,211,110,371"
"108,264,110,360"
"108,304,110,447"
"108,364,110,402"
"108,295,110,425"
"108,200,110,368"
"108,182,110,376"
"108,337,110,417"
"108,363,110,458"
"108,287,110,455"
"108,254,110,355"
"108,249,110,402"
"108,380,110,445"
"108,415,110,498"
"108,405,110,485"
"108,354,110,403"
"108,340,110,447"
"108,484,110,465"
"108,518,110,519"
"108,485,110,491"
"108,462,110,478"
"108,419,110,440"
"108,602,110,533"
"108,651,110,553"
"108,602,110,557"
"108,585,110,550"
"108,609,110,499"
"108,727,110,622"
"108,742,110,590"
"108,786,110,614"
"108,684,110,606"
"108,748,110,596"
"108,853,110,661"
"108,921,110,698"
"108,853,110,663"
"108,828,110,599"
"108,791,110,638"
"108,937,110,688"
"108,979,110,701"
"108,927,110,700"
"108,819,110,615"
"108,825,110,642"
"108,906,110,673"
"108,907,110,685"
"108,873,110,639"
"108,803,110,622"
"108,736,110,592"
"108,843,110,648"
"108,860,110,665"
"108,808,110,630"
"108,656,110,526"
"108,702,110,557"
"108,747,110,588"
"108,778,110,604"
"108,688,110,566"
"108,650,110,497"
"108,599,110,499"
"108,671,110,546"
"108,696,110,594"
"108,653,110,541"
"108,557,110,481"
"108,531,110,484"
"108,658,110,529"
"108,679,110,557"
"108,650,110,509"
"108,580,110,485"
"108,539,110,489"
"108,664,110,537"
"108,690,110,574"
"108,655,110,523"
"108,613,110,527"
"108,592,110,517"
"108,749,110,571"
"108,794,110,596"
"108,720,110,593"
"108,677,110,514"
"108,688,110,568"
"108,779,110,582"
"108,859,110,592"
"108,831,110,576"
"108,741,110,583"
"108,779,110,579"
"108,869,110,638"
"108,947,110,674"
"108,903,110,612"
"108,813,110,602"
"108,838,110,582"
"108,983,110,659"
"108,981,110,684"
"108,981,110,658"
"108,884,110,625"
"108,888,110,688"
"109,038,110,656"
"109,086,110,735"
"109,059,110,697"
"109,007,110,663"
"109,011,110,665"
"109,159,110,761"
"109,227,110,753"
"109,226,110,773"
"109,093,110,745"
"109,125,110,715"
"109,243,110,796"
"109,320,110,806"
"109,249,110,807"
"109,200,110,708"
"109,192,110,753"
"109,294,110,792"
"109,377,110,836"
"109,298,110,813"
"109,237,110,751"
"109,223,110,799"
"109,338,110,778"
"109,416,110,872"
"109,334,110,830"
"109,287,110,806"
"109,284,110,815"
"109,345,110,820"
"109,443,110,863"
"109,422,110,842"
"109,313,110,815"
"109,312,110,824"
"109,448,110,838"
"109,477,110,904"
"109,461,110,858"
"109,394,110,817"
"109,410,110,867"
"109,560,110,902"
"109,587,110,910"
"109,589,110,887"
"109,455,110,903"
"109,480,110,876"
"109,634,110,934"
"109,663,110,969"
"109,607,110,967"
"109,573,110,876"
"109,599,110,929"
"109,712,110,958"
"109,751,110,987"
"109,733,110,975"
"109,650,110,945"
"109,604,110,928"
"109,742,110,954"
"109,792,110,979"
"109,727,110,968"
"109,567,110,941"
"109,544,110,862"
"109,596,110,892"
"109,546,110,889"
"109,472,110,832"
"109,262,110,779"
"109,180,110,702"
"109,242,110,758"
"109,216,110,694"
"109,051,110,698"
"108,875,110,619"
"108,870,110,568"
"108,868,110,598"
"108,895,110,579"
"108,762,110,536"
"108,667,110,507"
"108,642,110,459"
"108,738,110,538"
"108,709,110,511"
"108,647,110,445"
"108,522,110,454"
"108,491,110,405"
"108,621,110,464"
"108,628,110,460"
"108,572,110,429"
"108,444,110,410"
"108,462,110,384"
"108,559,110,459"
"108,606,110,448"
"108,502,110,413"
"108,406,110,356"
"108,447,110,362"
"108,507,110,437"
"108,575,110,417"
"108,514,110,437"
"108,407,110,372"
"108,447,110,375"
"108,539,110,445"
"108,531,110,415"
"108,539,110,406"
"108,440,110,366"
"108,437,110,388"
"108,541,110,453"
"108,596,110,438"
"108,548,110,438"
"108,439,110,378"
"108,505,110,392"
"108,614,110,476"
"108,592,110,451"
"108,626,110,446"
"108,501,110,445"
"108,547,110,406"
"108,661,110,490"
"108,708,110,493"
"108,683,110,507"
"108,605,110,452"
"108,620,110,499"
"108,770,110,488"
"108,762,110,563"
"108,738,110,516"
"108,676,110,469"
"108,664,110,477"
"108,794,110,552"
"108,798,110,532"
"108,742,110,497"
"108,681,110,498"
"108,673,110,471"
"108,782,110,535"
"108,782,110,525"
"108,779,110,511"
"108,659,110,458"
"108,642,110,457"
"108,758,110,508"
"108,773,110,537"
"108,698,110,479"
"108,615,110,456"
"108,640,110,475"
"108,669,110,500"
"108,746,110,489"
"108,658,110,496"
"108,567,110,395"
"108,539,110,453"
"108,623,110,485"
"108,701,110,441"
"108,629,110,497"
"108,538,110,376"
"108,522,110,457"
"108,615,110,420"
"108,663,110,458"
"108,572,110,426"
"108,509,110,396"
"108,493,110,417"
"108,621,110,470"
"108,653,110,469"
"108,621,110,450"
"108,482,110,390"
"108,535,110,401"
"108,662,110,509"
"108,687,110,446"
"108,644,110,488"
"108,536,110,440"
"108,565,110,441"
"108,714,110,486"
"108,716,110,531"
"108,672,110,462"
"108,616,110,471"
"108,600,110,460"
"108,758,110,497"
"108,766,110,485"
"108,753,110,494"
"108,629,110,494"
"108,677,110,480"
"108,764,110,506"
"108,816,110,562"
"108,812,110,516"
"108,744,110,479"
"108,735,110,504"
"108,816,110,534"
"108,913,110,561"
"108,860,110,574"
"108,791,110,531"
"108,782,110,547"
"108,878,110,538"
"108,953,110,604"
"108,926,110,565"
"108,825,110,547"
"108,846,110,567"
"109,011,110,579"
"109,013,110,649"
"109,000,110,582"
"108,896,110,615"
"108,917,110,615"
"109,069,110,634"
"109,131,110,682"
"109,082,110,640"
"109,038,110,630"
"109,086,110,650"
"109,166,110,681"
"109,202,110,713"
"109,177,110,686"
"109,136,110,659"
"109,135,110,642"
"109,263,110,750"
"109,335,110,747"
"109,262,110,743"
"109,230,110,702"
"109,236,110,754"
"109,355,110,755"
"109,378,110,811"
"109,390,110,774"
"109,330,110,727"
"109,336,110,740"
"109,458,110,804"
"109,513,110,782"
"109,478,110,825"
"109,405,110,775"
"109,395,110,782"
"109,529,110,824"
"109,592,110,843"
"109,550,110,847"
"109,436,110,800"
"109,463,110,801"
"109,566,110,862"
"109,582,110,855"
"109,518,110,822"
"109,413,110,772"
"109,399,110,785"
"109,443,110,801"
"109,412,110,778"
"109,301,110,721"
"109,149,110,663"
"109,058,110,600"
"109,115,110,621"
"109,045,110,600"
"108,935,110,544"
"108,759,110,503"
"108,747,110,431"
"108,794,110,497"
"108,768,110,494"
"108,680,110,405"
"108,550,110,368"
"108,522,110,328"
"108,581,110,392"
"108,599,110,366"
"108,528,110,340"
"108,460,110,331"
"108,432,110,298"
"108,487,110,342"
"108,518,110,356"
"108,444,110,305"
"108,323,110,275"
"108,345,110,270"
"108,462,110,354"
"108,426,110,346"
"108,409,110,268"
"108,330,110,277"
"108,320,110,314"
"108,418,110,318"
"108,466,110,329"
"108,459,110,339"
"108,359,110,259"
"108,370,110,294"
"108,483,110,313"
"108,530,110,381"
"108,465,110,372"
"108,457,110,309"
"108,441,110,309"
"108,570,110,351"
"108,633,110,430"
"108,567,110,372"
"108,538,110,370"
"108,561,110,376"
"108,675,110,435"
"108,735,110,439"
"108,720,110,443"
"108,625,110,440"
"108,665,110,412"
"108,820,110,517"
"108,887,110,516"
"108,829,110,518"
"108,814,110,482"
"108,804,110,516"
"108,928,110,510"
"109,028,110,578"
"108,945,110,565"
"108,894,110,552"
"108,945,110,499"
"109,015,110,617"
"109,031,110,624"
"109,015,110,580"
"108,924,110,555"
"108,962,110,558"
"108,997,110,536"
"109,027,110,566"
"109,020,110,548"
"108,902,110,544"
"108,881,110,524"
"108,955,110,565"
"108,954,110,543"
"108,903,110,552"
"108,759,110,475"
"108,773,110,447"
"108,857,110,523"
"108,856,110,461"
"108,789,110,459"
"108,702,110,455"
"108,673,110,394"
"108,742,110,471"
"108,724,110,450"
"108,711,110,440"
"108,631,110,381"
"108,608,110,406"
"108,663,110,444"
"108,696,110,410"
"108,647,110,412"
"108,546,110,353"
"108,592,110,355"
"108,626,110,376"
"108,698,110,418"
"108,586,110,428"
"108,552,110,343"
"108,562,110,358"
"108,614,110,410"
"108,675,110,394"
"108,617,110,420"
"108,537,110,318"
"108,570,110,368"
"108,683,110,420"
"108,695,110,423"
"108,612,110,421"
"108,566,110,345"
"108,644,110,404"
"108,669,110,397"
"108,730,110,484"
"108,678,110,461"
"108,626,110,362"
"108,670,110,437"
"108,745,110,431"
"108,804,110,487"
"108,767,110,435"
"108,689,110,414"
"108,740,110,423"
"108,812,110,461"
"108,892,110,513"
"108,819,110,486"
"108,775,110,432"
"108,779,110,459"
"108,920,110,516"
"108,959,110,517"
"108,919,110,565"
"108,885,110,469"
"108,891,110,503"
"109,021,110,572"
"109,044,110,569"
"109,064,110,538"
"108,948,110,552"
"108,970,110,514"
"109,116,110,609"
"109,136,110,619"
"109,088,110,595"
"109,076,110,537"
"109,083,110,594"
"109,152,110,594"
"109,217,110,653"
"109,162,110,647"
"109,113,110,592"
"109,128,110,596"
"109,229,110,682"
"109,261,110,663"
"109,274,110,642"
"109,200,110,618"
"109,206,110,645"
"109,332,110,683"
"109,383,110,731"
"109,387,110,689"
"109,318,110,661"
"109,326,110,733"
"109,437,110,752"
"109,474,110,775"
"109,419,110,761"
"109,364,110,653"
"109,404,110,734"
"109,494,110,731"
"109,540,110,776"
"109,467,110,737"
"109,439,110,715"
"109,424,110,743"
"109,518,110,775"
"109,542,110,806"
"109,478,110,744"
"109,454,110,718"
"109,387,110,759"
"109,506,110,763"
"109,520,110,772"
"109,425,110,726"
"109,306,110,649"
"109,244,110,649"
"109,205,110,647"
"109,163,110,638"
"109,047,110,557"
"108,866,110,449"
"108,759,110,405"
"108,772,110,421"
"108,724,110,396"
"108,604,110,297"
"108,464,110,260"
"108,346,110,240"
"108,402,110,260"
"108,348,110,241"
"108,242,110,130"
"108,093,110,123"
"108,027,110,094"
"108,082,110,112"
"108,056,110,057"
"108,000,110,077"
"107,844,109,949"
"107,856,110,020"
"107,870,110,015"
"107,885,110,020"
"107,832,109,972"
"107,752,109,948"
"107,746,109,924"
"107,783,110,013"
"107,810,109,998"
"107,807,109,964"
"107,706,109,953"
"107,726,109,933"
"107,838,110,030"
"107,882,110,025"
"107,836,109,998"
"107,766,109,963"
"107,835,110,007"
"107,898,110,057"
"107,969,110,031"
"107,973,110,088"
"107,932,110,036"
"107,927,110,048"
"108,064,110,146"
"108,084,110,106"
"108,117,110,120"
"108,019,110,060"
"108,056,110,135"
"108,222,110,196"
"108,227,110,167"
"108,247,110,195"
"108,140,110,099"
"108,190,110,160"
"108,334,110,212"
"108,319,110,230"
"108,355,110,231"
"108,286,110,186"
"108,318,110,235"
"108,434,110,249"
"108,492,110,267"
"108,410,110,293"
"108,377,110,242"
"108,419,110,264"
"108,493,110,294"
"108,572,110,312"
"108,525,110,283"
"108,449,110,254"
"108,430,110,255"
"108,538,110,351"
"108,553,110,281"
"108,508,110,291"
"108,428,110,244"
"108,360,110,261"
"108,497,110,275"
"108,492,110,295"
"108,410,110,210"
"108,361,110,192"
"108,325,110,162"
"108,379,110,229"
"108,423,110,230"
"108,353,110,188"
"108,282,110,124"
"108,283,110,205"
"108,321,110,222"
"108,379,110,210"
"108,303,110,132"
"108,270,110,138"
"108,215,110,175"
"108,336,110,193"
"108,315,110,200"
"108,332,110,191"
"108,228,110,121"
"108,277,110,163"
"108,312,110,185"
"108,410,110,203"
"108,339,110,178"
"108,279,110,140"
"108,327,110,154"
"108,393,110,258"
"108,402,110,196"
"108,404,110,220"
"108,341,110,165"
"108,367,110,204"
"108,502,110,254"
"108,523,110,237"
"108,471,110,271"
"108,471,110,200"
"108,460,110,221"
"108,589,110,317"
"108,637,110,311"
"108,624,110,291"
"108,599,110,264"
"108,624,110,328"
"108,752,110,383"
"108,773,110,328"
"108,755,110,380"
"108,682,110,334"
"108,777,110,327"
"108,855,110,431"
"108,920,110,427"
"108,925,110,417"
"108,853,110,396"
"108,931,110,402"
"109,004,110,489"
"109,060,110,502"
"109,054,110,451"
"109,042,110,434"
"109,021,110,476"
"109,172,110,543"
"109,230,110,580"
"109,192,110,518"
"109,181,110,527"
"109,152,110,530"
"109,283,110,607"
"109,335,110,599"
"109,328,110,591"
"109,299,110,556"
"109,347,110,630"
"109,468,110,656"
"109,512,110,687"
"109,480,110,681"
"109,447,110,617"
"109,491,110,678"
"109,627,110,746"
"109,650,110,718"
"109,629,110,705"
"109,632,110,653"
"109,614,110,746"
"109,783,110,777"
"109,815,110,780"
"109,751,110,769"
"109,719,110,691"
"109,740,110,783"
"109,855,110,819"
"109,876,110,812"
"109,865,110,801"
"109,732,110,734"
"109,789,110,806"
"109,897,110,795"
"109,973,110,839"
"109,898,110,829"
"109,810,110,775"
"109,866,110,789"
"109,951,110,851"
"109,999,110,867"
"109,984,110,865"
"109,892,110,797"
"109,920,110,795"
"110,025,110,862"
"110,091,110,898"
"110,042,110,852"
"110,010,110,852"
"109,968,110,841"
"110,054,110,912"
"110,092,110,911"
"109,991,110,828"
"109,904,110,758"
"109,787,110,800"
"109,815,110,778"
"109,675,110,696"
"109,524,110,603"
"109,316,110,503"
"109,184,110,456"
"109,157,110,454"
"109,041,110,374"
"108,923,110,329"
"108,747,110,235"
"108,652,110,217"
"108,670,110,237"
"108,630,110,210"
"108,537,110,159"
"108,418,110,094"
"108,395,110,098"
"108,446,110,138"
"108,412,110,108"
"108,369,110,083"
"108,274,110,031"
"108,282,110,056"
"108,326,110,076"
"108,363,110,077"
"108,308,110,047"
"108,240,110,031"
"108,298,110,059"
"108,362,110,100"
"108,383,110,091"
"108,331,110,096"
"108,342,110,034"
"108,310,110,103"
"108,443,110,150"
"108,468,110,139"
"108,478,110,170"
"108,416,110,103"
"108,527,110,140"
"108,605,110,199"
"108,655,110,246"
"108,635,110,206"
"108,587,110,174"
"108,641,110,242"
"108,761,110,323"
"108,789,110,308"
"108,814,110,290"
"108,736,110,261"
"108,824,110,308"
"108,950,110,368"
"108,981,110,355"
"108,952,110,358"
"108,941,110,330"
"108,988,110,373"
"109,143,110,449"
"109,183,110,452"
"109,199,110,441"
"109,174,110,415"
"109,230,110,474"
"109,359,110,517"
"109,430,110,580"
"109,439,110,555"
"109,373,110,531"
"109,422,110,551"
"109,533,110,602"
"109,558,110,606"
"109,512,110,604"
"109,456,110,550"
"109,466,110,547"
"109,508,110,632"
"109,527,110,597"
"109,406,110,532"
"109,320,110,466"
"109,306,110,495"
"109,311,110,542"
"109,283,110,476"
"109,223,110,432"
"109,101,110,388"
"109,052,110,374"
"109,142,110,413"
"109,099,110,392"
"109,047,110,359"
"108,935,110,322"
"108,941,110,281"
"109,013,110,375"
"108,979,110,332"
"108,957,110,336"
"108,817,110,314"
"108,847,110,276"
"108,947,110,345"
"108,943,110,322"
"108,901,110,324"
"108,824,110,255"
"108,900,110,287"
"108,957,110,366"
"108,964,110,368"
"108,964,110,299"
"108,924,110,303"
"108,905,110,291"
"109,034,110,376"
"109,064,110,366"
"109,069,110,374"
"108,971,110,357"
"109,045,110,363"
"109,142,110,451"
"109,185,110,429"
"109,151,110,418"
"109,111,110,399"
"109,148,110,403"
"109,248,110,492"
"109,269,110,480"
"109,259,110,498"
"109,201,110,463"
"109,256,110,460"
"109,347,110,568"
"109,404,110,511"
"109,357,110,539"
"109,337,110,512"
"109,403,110,521"
"109,470,110,611"
"109,541,110,575"
"109,488,110,573"
"109,487,110,544"
"109,494,110,552"
"109,583,110,651"
"109,666,110,663"
"109,641,110,627"
"109,545,110,590"
"109,570,110,634"
"109,756,110,706"
"109,749,110,694"
"109,769,110,660"
"109,683,110,687"
"109,693,110,630"
"109,816,110,754"
"109,818,110,777"
"109,856,110,728"
"109,771,110,720"
"109,817,110,679"
"109,919,110,756"
"109,993,110,783"
"109,955,110,787"
"109,916,110,756"
"109,922,110,758"
"110,081,110,842"
"110,076,110,852"
"110,079,110,803"
"110,063,110,803"
"110,044,110,827"
"110,160,110,879"
"110,235,110,909"
"110,195,110,849"
"110,149,110,835"
"110,174,110,828"
"110,280,110,916"
"110,319,110,933"
"110,318,110,929"
"110,265,110,862"
"110,248,110,920"
"110,359,110,961"
"110,406,110,955"
"110,376,110,906"
"110,310,110,912"
"110,299,110,902"
"110,424,110,969"
"110,403,110,995"
"110,401,110,934"
"110,300,110,927"
"110,378,110,918"
"110,447,110,996"
"110,471,110,964"
"110,447,110,970"
"110,375,110,917"
"110,351,110,904"
"110,476,110,989"
"110,529,111,035"
"110,441,110,983"
"110,415,110,922"
"110,411,110,940"
"110,550,111,015"
"110,565,111,014"
"110,545,111,006"
"110,437,110,988"
"110,487,110,952"
"110,513,111,030"
"110,519,111,001"
"110,478,110,932"
"110,329,110,923"
"110,287,110,860"
"110,283,110,896"
"110,238,110,860"
"110,074,110,807"
"109,875,110,655"
"109,846,110,682"
"109,814,110,696"
"109,768,110,660"
"109,625,110,586"
"109,511,110,468"
"109,423,110,523"
"109,500,110,507"
"109,491,110,506"
"109,394,110,482"
"109,318,110,417"
"109,263,110,429"
"109,374,110,475"
"109,341,110,461"
"109,321,110,405"
"109,210,110,354"
"109,248,110,420"
"109,291,110,440"
"109,307,110,443"
"109,264,110,388"
"109,225,110,358"
"109,200,110,390"
"109,305,110,443"
"109,308,110,434"
"109,283,110,384"
"109,224,110,404"
"109,245,110,386"
"109,344,110,451"
"109,368,110,430"
"109,367,110,425"
"109,235,110,438"
"109,306,110,450"
"109,374,110,468"
"109,450,110,471"
"109,409,110,485"
"109,335,110,417"
"109,343,110,475"
"109,485,110,524"
"109,500,110,511"
"109,476,110,504"
"109,415,110,431"
"109,439,110,520"
"109,536,110,550"
"109,581,110,605"
"109,558,110,533"
"109,553,110,536"
"109,599,110,551"
"109,691,110,623"
"109,768,110,623"
"109,748,110,634"
"109,652,110,558"
"109,696,110,641"
"109,850,110,699"
"109,852,110,676"
"109,859,110,646"
"109,740,110,656"
"109,796,110,631"
"109,873,110,706"
"109,876,110,717"
"109,805,110,642"
"109,721,110,616"
"109,726,110,651"
"109,805,110,653"
"109,805,110,661"
"109,757,110,651"
"109,647,110,574"
"109,681,110,570"
"109,703,110,650"
"109,693,110,580"
"109,653,110,593"
"109,558,110,516"
"109,519,110,517"
"109,622,110,582"
"109,596,110,552"
"109,596,110,519"
"109,454,110,505"
"109,493,110,562"
"109,565,110,559"
"109,606,110,557"
"109,577,110,534"
"109,479,110,534"
"109,544,110,509"
"109,654,110,582"
"109,688,110,567"
"109,642,110,598"
"109,570,110,510"
"109,583,110,532"
"109,713,110,595"
"109,740,110,628"
"109,737,110,602"
"109,648,110,523"
"109,720,110,623"
"109,793,110,629"
"109,862,110,665"
"109,831,110,670"
"109,748,110,609"
"109,834,110,681"
"109,937,110,705"
"109,944,110,707"
"109,967,110,702"
"109,925,110,662"
"109,976,110,708"
"110,080,110,801"
"110,137,110,751"
"110,127,110,781"
"110,048,110,731"
"110,121,110,777"
"110,249,110,842"
"110,291,110,854"
"110,256,110,830"
"110,284,110,811"
"110,276,110,826"
"110,397,110,889"
"110,440,110,890"
"110,426,110,892"
"110,344,110,871"
"110,430,110,881"
"110,498,110,960"
"110,561,110,974"
"110,495,110,925"
"110,440,110,871"
"110,474,110,927"
"110,520,110,992"
"110,566,110,955"
"110,539,110,954"
"110,461,110,909"
"110,522,110,923"
"110,606,111,030"
"110,591,110,943"
"110,592,110,986"
"110,533,110,909"
"110,537,110,982"
"110,626,110,968"
"110,685,111,045"
"110,607,110,981"
"110,553,110,976"
"110,549,110,992"
"110,712,111,030"
"110,740,111,040"
"110,728,111,010"
"110,597,110,998"
"110,679,111,007"
"110,730,111,043"
"110,808,111,088"
"110,743,111,059"
"110,671,111,016"
"110,685,111,010"
"110,783,111,083"
"110,857,111,089"
"110,804,111,072"
"110,702,110,995"
"110,742,111,026"
"110,839,111,125"
"110,846,111,072"
"110,819,111,049"
"110,733,111,044"
"110,767,111,026"
"110,893,111,138"
"110,863,111,042"
"110,868,111,090"
"110,777,111,071"
"110,822,111,081"
"110,901,111,113"
"110,914,111,131"
"110,870,111,067"
"110,831,111,065"
"110,850,111,060"
"110,921,111,097"
"110,936,111,165"
"110,902,111,063"
"110,843,111,096"
"110,854,111,064"
"110,967,111,149"
"110,964,111,187"
"110,897,111,080"
"110,917,111,112"
"110,865,111,084"
"110,967,111,148"
"110,964,111,150"
"110,936,111,125"
"110,850,111,046"
"110,836,111,122"
"110,835,111,068"
"110,849,111,109"
"110,728,111,019"
"110,539,110,934"
"110,507,110,921"
"110,516,110,925"
"110,377,110,864"
"110,256,110,788"
"110,078,110,717"
"110,024,110,711"
"110,004,110,715"
"109,969,110,692"
"109,834,110,670"
"109,693,110,547"
"109,660,110,547"
"109,733,110,589"
"109,656,110,552"
"109,635,110,493"
"109,531,110,493"
"109,526,110,483"
"109,623,110,543"
"109,613,110,487"
"109,579,110,500"
"109,459,110,444"
"109,502,110,453"
"109,552,110,503"
"109,568,110,545"
"109,554,110,470"
"109,481,110,425"
"109,486,110,470"
"109,552,110,552"
"109,589,110,514"
"109,541,110,485"
"109,462,110,425"
"109,529,110,490"
"109,575,110,544"
"109,621,110,516"
"109,598,110,499"
"109,531,110,459"
"109,526,110,486"
"109,662,110,536"
"109,622,110,552"
"109,605,110,507"
"109,567,110,500"
"109,574,110,512"
"109,701,110,583"
"109,680,110,563"
"109,688,110,542"
"109,599,110,529"
"109,682,110,577"
"109,752,110,606"
"109,806,110,649"
"109,766,110,587"
"109,788,110,603"
"109,793,110,598"
"109,923,110,688"
"109,970,110,670"
"109,923,110,657"
"109,884,110,641"
"109,927,110,689"
"110,005,110,746"
"110,082,110,738"
"110,051,110,728"
"109,979,110,713"
"109,960,110,698"
"110,091,110,728"
"110,081,110,723"
"110,059,110,724"
"109,986,110,672"
"109,958,110,684"
"110,019,110,713"
"110,025,110,689"
"109,987,110,685"
"109,886,110,616"
"109,873,110,632"
"109,935,110,653"
"109,935,110,641"
"109,883,110,636"
"109,789,110,567"
"109,816,110,597"
"109,886,110,642"
"109,909,110,641"
"109,841,110,604"
"109,761,110,575"
"109,790,110,585"
"109,865,110,614"
"109,878,110,619"
"109,829,110,624"
"109,804,110,569"
"109,780,110,573"
"109,866,110,651"
"109,908,110,629"
"109,900,110,649"
"109,828,110,585"
"109,865,110,600"
"109,937,110,672"
"110,002,110,691"
"109,952,110,646"
"109,894,110,640"
"109,921,110,680"
"110,061,110,703"
"110,042,110,695"
"110,034,110,701"
"109,959,110,656"
"110,027,110,691"
"110,126,110,749"
"110,187,110,738"
"110,138,110,756"
"110,084,110,682"
"110,090,110,726"
"110,231,110,767"
"110,312,110,817"
"110,248,110,819"
"110,216,110,738"
"110,271,110,771"
"110,357,110,851"
"110,384,110,867"
"110,362,110,823"
"110,305,110,832"
"110,349,110,832"
"110,440,110,916"
"110,484,110,921"
"110,423,110,854"
"110,424,110,864"
"110,439,110,889"
"110,499,110,927"
"110,589,110,906"
"110,563,110,935"
"110,490,110,850"
"110,517,110,904"
"110,659,110,990"
"110,668,110,994"
"110,634,110,955"
"110,563,110,920"
"110,645,110,972"
"110,740,110,995"
"110,786,111,006"
"110,784,111,015"
"110,671,110,937"
"110,721,111,005"
"110,865,111,083"
"110,912,111,080"
"110,854,111,080"
"110,826,110,993"
"110,878,111,060"
"110,976,111,088"
"111,013,111,116"
"111,024,111,124"
"110,975,111,040"
"110,984,111,124"
"111,081,111,137"
"111,123,111,167"
"111,113,111,126"
"110,994,111,111"
"111,070,111,161"
"111,201,111,201"
"111,182,111,166"
"111,189,111,206"
"111,107,111,137"
"111,075,111,165"
"111,251,111,228"
"111,196,111,210"
"111,177,111,175"
"111,066,111,152"
"111,101,111,183"
"111,199,111,219"
"111,253,111,198"
"111,210,111,210"
"111,116,111,123"
"111,159,111,192"
"111,252,111,218"
"111,263,111,255"
"111,234,111,209"
"111,157,111,184"
"111,198,111,156"
"111,247,111,200"
"111,310,111,229"
"111,277,111,211"
"111,100,111,150"
"111,125,111,169"
"111,141,111,174"
"111,112,111,137"
"110,937,111,060"
"110,725,110,994"
"110,584,110,889"
"110,552,110,923"
"110,385,110,805"
"110,169,110,718"
"109,959,110,625"
"109,848,110,525"
"109,817,110,612"
"109,751,110,500"
"109,643,110,464"
"109,488,110,401"
"109,437,110,384"
"109,467,110,414"
"109,473,110,382"
"109,391,110,373"
"109,255,110,262"
"109,264,110,317"
"109,336,110,344"
"109,303,110,339"
"109,285,110,271"
"109,160,110,266"
"109,176,110,260"
"109,240,110,281"
"109,303,110,319"
"109,210,110,292"
"109,168,110,244"
"109,228,110,265"
"109,302,110,322"
"109,341,110,338"
"109,267,110,307"
"109,236,110,291"
"109,232,110,313"
"109,379,110,385"
"109,444,110,393"
"109,370,110,381"
"109,358,110,353"
"109,364,110,358"
"109,512,110,411"
"109,545,110,461"
"109,502,110,425"
"109,422,110,358"
"109,505,110,416"
"109,617,110,441"
"109,680,110,519"
"109,623,110,457"
"109,558,110,434"
"109,652,110,487"
"109,777,110,550"
"109,766,110,538"
"109,776,110,529"
"109,727,110,510"
"109,784,110,559"
"109,939,110,631"
"109,968,110,631"
"109,914,110,618"
"109,918,110,585"
"109,926,110,662"
"110,084,110,674"
"110,093,110,710"
"110,078,110,685"
"109,974,110,637"
"110,060,110,635"
"110,107,110,733"
"110,137,110,717"
"110,028,110,695"
"109,984,110,610"
"109,993,110,667"
"110,065,110,659"
"110,033,110,685"
"109,953,110,621"
"109,855,110,539"
"109,822,110,580"
"109,917,110,616"
"109,853,110,627"
"109,853,110,535"
"109,710,110,501"
"109,701,110,524"
"109,803,110,565"
"109,824,110,566"
"109,703,110,527"
"109,630,110,436"
"109,641,110,484"
"109,741,110,503"
"109,739,110,511"
"109,681,110,488"
"109,610,110,419"
"109,656,110,512"
"109,748,110,487"
"109,781,110,522"
"109,700,110,514"
"109,651,110,430"
"109,725,110,520"
"109,776,110,529"
"109,839,110,592"
"109,803,110,540"
"109,749,110,487"
"109,828,110,534"
"109,882,110,582"
"109,949,110,628"
"109,913,110,574"
"109,833,110,517"
"109,877,110,556"
"110,006,110,653"
"110,004,110,621"
"110,045,110,661"
"109,942,110,585"
"109,999,110,638"
"110,094,110,697"
"110,150,110,705"
"110,136,110,698"
"110,042,110,672"
"110,131,110,690"
"110,252,110,727"
"110,284,110,768"
"110,252,110,744"
"110,224,110,728"
"110,257,110,781"
"110,409,110,808"
"110,441,110,840"
"110,382,110,837"
"110,319,110,742"
"110,412,110,818"
"110,504,110,889"
"110,568,110,899"
"110,513,110,857"
"110,491,110,835"
"110,510,110,902"
"110,673,110,909"
"110,682,110,962"
"110,672,110,901"
"110,589,110,889"
"110,631,110,927"
"110,761,110,962"
"110,790,111,007"
"110,769,110,924"
"110,666,110,946"
"110,725,110,933"
"110,825,110,986"
"110,894,110,995"
"110,813,111,017"
"110,762,110,932"
"110,831,110,999"
"110,920,111,006"
"110,927,111,056"
"110,879,111,043"
"110,818,110,964"
"110,859,111,019"
"110,993,111,062"
"111,001,111,055"
"110,969,111,034"
"110,931,111,020"
"110,948,111,046"
"111,085,111,119"
"111,070,111,079"
"111,051,111,101"
"110,995,111,045"
"111,026,111,074"
"111,096,111,088"
"111,169,111,134"
"111,116,111,102"
"111,053,111,055"
"111,057,111,110"
"111,159,111,142"
"111,212,111,170"
"111,165,111,158"
"111,105,111,071"
"111,129,111,122"
"111,235,111,152"
"111,280,111,199"
"111,234,111,130"
"111,194,111,123"
"111,216,111,166"
"111,338,111,176"
"111,350,111,242"
"111,313,111,172"
"111,226,111,160"
"111,290,111,144"
"111,390,111,206"
"111,395,111,240"
"111,368,111,191"
"111,259,111,169"
"111,241,111,126"
"111,294,111,197"
"111,211,111,122"
"111,081,111,035"
"110,886,110,949"
"110,772,110,961"
"110,777,110,913"
"110,613,110,885"
"110,440,110,763"
"110,208,110,659"
"110,083,110,617"
"110,119,110,639"
"109,963,110,590"
"109,893,110,512"
"109,760,110,425"
"109,698,110,480"
"109,804,110,490"
"109,757,110,465"
"109,676,110,466"
"109,591,110,367"
"109,556,110,402"
"109,686,110,451"
"109,691,110,441"
"109,662,110,419"
"109,598,110,363"
"109,624,110,442"
"109,772,110,478"
"109,782,110,490"
"109,725,110,447"
"109,708,110,431"
"109,746,110,505"
"109,901,110,530"
"109,969,110,581"
"109,946,110,563"
"109,934,110,519"
"109,964,110,601"
"110,180,110,658"
"110,207,110,687"
"110,236,110,676"
"110,178,110,660"
"110,284,110,707"
"110,418,110,776"
"110,427,110,787"
"110,511,110,752"
"110,414,110,755"
"110,521,110,789"
"110,608,110,856"
"110,664,110,873"
"110,653,110,876"
"110,567,110,829"
"110,651,110,845"
"110,744,110,907"
"110,839,110,958"
"110,848,110,904"
"110,716,110,915"
"110,805,110,889"
"110,918,110,965"
"110,971,111,024"
"110,957,110,999"
"110,856,110,973"
"110,934,110,943"
"111,048,111,060"
"111,091,111,038"
"111,038,111,056"
"110,978,110,975"
"110,975,111,045"
"111,102,111,082"
"111,095,111,083"
"111,060,111,031"
"110,991,110,985"
"111,009,110,988"
"111,140,111,052"
"111,061,111,045"
"111,049,111,036"
"110,935,110,983"
"110,935,110,983"
"111,034,111,045"
"111,015,111,024"
"111,010,110,987"
"110,859,110,961"
"110,887,110,987"
"110,956,110,997"
"110,993,110,990"
"110,898,110,954"
"110,793,110,890"
"110,835,110,975"
"110,922,110,999"
"110,948,110,980"
"110,875,110,935"
"110,804,110,887"
"110,801,110,937"
"110,888,110,981"
"110,921,110,980"
"110,919,110,974"
"110,829,110,927"
"110,844,110,927"
"110,968,111,006"
"110,982,111,020"
"110,966,110,953"
"110,873,110,951"
"110,904,110,999"
"111,029,110,999"
"111,105,111,055"
"111,013,111,017"
"110,949,110,945"
"111,016,111,009"
"111,127,111,029"
"111,149,111,071"
"111,131,111,030"
"111,046,111,007"
"111,114,111,047"
"111,202,111,073"
"111,190,111,083"
"111,166,111,089"
"111,098,111,033"
"111,144,111,093"
"111,241,111,113"
"111,291,111,122"
"111,234,111,122"
"111,181,111,097"
"111,227,111,104"
"111,314,111,143"
"111,373,111,168"
"111,313,111,128"
"111,259,111,101"
"111,309,111,134"
"111,424,111,197"
"111,417,111,189"
"111,433,111,159"
"111,338,111,138"
"111,378,111,167"
"111,528,111,227"
"111,526,111,215"
"111,497,111,200"
"111,411,111,160"
"111,453,111,216"
"111,599,111,260"
"111,553,111,235"
"111,536,111,259"
"111,480,111,176"
"111,511,111,260"
"111,640,111,289"
"111,681,111,296"
"111,643,111,258"
"111,518,111,212"
"111,619,111,272"
"111,688,111,256"
"111,710,111,328"
"111,683,111,258"
"111,644,111,249"
"111,643,111,273"
"111,741,111,309"
"111,776,111,360"
"111,738,111,294"
"111,701,111,293"
"111,694,111,312"
"111,797,111,349"
"111,856,111,375"
"111,824,111,321"
"111,734,111,304"
"111,742,111,289"
"111,882,111,362"
"111,853,111,398"
"111,855,111,356"
"111,767,111,277"
"111,777,111,344"
"111,889,111,378"
"111,894,111,396"
"111,883,111,370"
"111,797,111,345"
"111,835,111,378"
"111,944,111,416"
"111,970,111,371"
"111,895,111,399"
"111,795,111,334"
"111,875,111,384"
"111,989,111,405"
"111,992,111,421"
"111,901,111,388"
"111,900,111,339"
"111,909,111,422"
"111,984,111,448"
"112,024,111,451"
"111,998,111,389"
"111,909,111,380"
"111,903,111,398"
"112,054,111,442"
"112,059,111,451"
"112,001,111,407"
"111,876,111,408"
"111,907,111,375"
"111,958,111,403"
"111,918,111,390"
"111,808,111,349"
"111,668,111,214"
"111,645,111,286"
"111,656,111,268"
"111,625,111,229"
"111,483,111,211"
"111,346,111,095"
"111,344,111,161"
"111,347,111,129"
"111,335,111,109"
"111,186,111,098"
"111,124,110,983"
"111,067,111,047"
"111,176,111,048"
"111,168,111,046"
"111,060,111,048"
"110,939,110,949"
"111,021,111,027"
"111,065,111,013"
"111,108,111,028"
"111,005,110,988"
"110,957,110,926"
"110,942,110,986"
"111,095,111,025"
"111,070,111,035"
"110,993,110,996"
"110,903,110,960"
"110,988,110,956"
"111,110,111,032"
"111,060,111,038"
"111,084,110,996"
"110,932,110,945"
"111,039,111,017"
"111,123,111,038"
"111,114,111,028"
"111,069,111,029"
"110,994,110,962"
"111,001,111,035"
"111,116,111,042"
"111,173,111,032"
"111,124,111,055"
"111,000,110,978"
"111,064,111,054"
"111,139,111,052"
"111,205,111,079"
"111,118,111,044"
"111,069,111,009"
"111,096,111,036"
"111,244,111,086"
"111,272,111,123"
"111,205,111,074"
"111,121,111,054"
"111,220,111,068"
"111,303,111,151"
"111,311,111,093"
"111,269,111,114"
"111,224,111,072"
"111,285,111,109"
"111,372,111,188"
"111,375,111,133"
"111,325,111,160"
"111,235,111,082"
"111,258,111,113"
"111,403,111,159"
"111,347,111,167"
"111,329,111,115"
"111,215,111,091"
"111,272,111,132"
"111,322,111,146"
"111,345,111,130"
"111,291,111,143"
"111,142,111,034"
"111,174,111,100"
"111,287,111,108"
"111,263,111,107"
"111,235,111,079"
"111,145,111,026"
"111,139,111,084"
"111,265,111,065"
"111,278,111,097"
"111,219,111,069"
"111,153,111,061"
"111,153,111,046"
"111,304,111,104"
"111,274,111,131"
"111,271,111,121"
"111,154,111,054"
"111,248,111,084"
"111,314,111,141"
"111,364,111,128"
"111,303,111,128"
"111,190,111,082"
"111,302,111,115"
"111,402,111,165"
"111,430,111,100"
"111,397,111,168"
"111,309,111,109"
"111,399,111,156"
"111,487,111,201"
"111,511,111,202"
"111,464,111,206"
"111,403,111,125"
"111,443,111,206"
"111,598,111,215"
"111,577,111,255"
"111,527,111,212"
"111,487,111,167"
"111,519,111,238"
"111,644,111,249"
"111,653,111,255"
"111,614,111,215"
"111,564,111,225"
"111,586,111,216"
"111,736,111,286"
"111,717,111,259"
"111,708,111,255"
"111,605,111,246"
"111,623,111,252"
"111,765,111,282"
"111,743,111,325"
"111,763,111,313"
"111,649,111,256"
"111,739,111,288"
"111,781,111,331"
"111,844,111,347"
"111,771,111,291"
"111,744,111,272"
"111,734,111,334"
"111,889,111,362"
"111,908,111,398"
"111,852,111,367"
"111,782,111,288"
"111,867,111,338"
"111,960,111,391"
"111,988,111,400"
"111,918,111,386"
"111,874,111,331"
"111,897,111,376"
"112,049,111,413"
"112,028,111,420"
"111,996,111,396"
"111,952,111,374"
"111,958,111,412"
"112,080,111,436"
"112,087,111,426"
"112,058,111,426"
"111,925,111,391"
"111,998,111,408"
"112,129,111,461"
"112,133,111,459"
"112,098,111,439"
"111,985,111,415"
"112,011,111,434"
"112,164,111,461"
"112,115,111,498"
"112,122,111,432"
"111,980,111,433"
"112,080,111,501"
"112,195,111,501"
"112,181,111,470"
"112,133,111,466"
"112,037,111,430"
"112,080,111,479"
"112,227,111,500"
"112,174,111,489"
"112,140,111,492"
"112,093,111,443"
"112,096,111,467"
"112,256,111,510"
"112,193,111,493"
"112,207,111,528"
"112,092,111,423"
"112,145,111,485"
"112,282,111,528"
"112,238,111,531"
"112,226,111,504"
"112,125,111,447"
"112,173,111,486"
"112,220,111,529"
"112,295,111,505"
"112,235,111,496"
"112,080,111,468"
"112,079,111,480"
"112,138,111,432"
"112,115,111,459"
"111,976,111,394"
"111,854,111,303"
"111,832,111,318"
"111,852,111,360"
"111,830,111,321"
"111,693,111,283"
"111,494,111,183"
"111,524,111,202"
"111,555,111,220"
"111,553,111,189"
"111,429,111,177"
"111,255,111,049"
"111,249,111,089"
"111,334,111,131"
"111,290,111,087"
"111,199,111,087"
"111,118,111,018"
"111,083,111,016"
"111,232,111,046"
"111,163,111,048"
"111,107,111,027"
"111,007,110,998"
"111,029,110,990"
"111,157,111,057"
"111,089,111,009"
"111,059,111,004"
"110,922,110,974"
"110,986,111,023"
"111,060,110,991"
"111,062,111,033"
"110,984,110,984"
"110,902,110,961"
"110,956,110,993"
"111,062,111,015"
"111,101,110,998"
"111,017,111,014"
"110,903,110,930"
"110,948,110,994"
"111,086,111,029"
"111,152,111,036"
"111,048,111,053"
"110,990,110,927"
"111,035,111,042"
"111,150,111,067"
"111,158,111,001"
"111,096,111,048"
"111,005,111,024"
"111,086,111,017"
"111,238,111,104"
"111,238,111,104"
"111,183,111,070"
"111,094,111,048"
"111,218,111,090"
"111,278,111,135"
"111,316,111,125"
"111,268,111,129"
"111,222,111,081"
"111,228,111,103"
"111,381,111,160"
"111,343,111,154"
"111,318,111,131"
"111,235,111,085"
"111,287,111,120"
"111,369,111,143"
"111,383,111,138"
"111,305,111,170"
"111,192,111,052"
"111,289,111,109"
"111,324,111,132"
"111,363,111,140"
"111,263,111,125"
"111,215,111,070"
"111,246,111,128"
"111,325,111,157"
"111,337,111,114"
"111,254,111,105"
"111,197,111,069"
"111,222,111,118"
"111,329,111,118"
"111,290,111,118"
"111,259,111,094"
"111,141,111,072"
"111,233,111,079"
"111,308,111,142"
"111,301,111,103"
"111,297,111,119"
"111,149,111,056"
"111,244,111,081"
"111,336,111,166"
"111,367,111,146"
"111,299,111,147"
"111,187,111,081"
"111,254,111,134"
"111,362,111,154"
"111,353,111,142"
"111,367,111,146"
"111,218,111,129"
"111,307,111,156"
"111,402,111,193"
"111,430,111,160"
"111,379,111,161"
"111,255,111,141"
"111,369,111,151"
"111,487,111,210"
"111,438,111,174"
"111,437,111,219"
"111,319,111,114"
"111,389,111,201"
"111,491,111,231"
"111,538,111,200"
"111,511,111,220"
"111,372,111,169"
"111,454,111,197"
"111,534,111,238"
"111,566,111,220"
"111,554,111,239"
"111,443,111,166"
"111,542,111,222"
"111,580,111,286"
"111,638,111,240"
"111,616,111,297"
"111,514,111,242"
"111,585,111,257"
"111,718,111,299"
"111,683,111,286"
"111,699,111,277"
"111,577,111,264"
"111,695,111,293"
"111,740,111,336"
"111,788,111,337"
"111,728,111,351"
"111,676,111,257"
"111,721,111,350"
"111,838,111,377"
"111,828,111,359"
"111,797,111,323"
"111,685,111,327"
"111,787,111,315"
"111,885,111,388"
"111,909,111,397"
"111,835,111,358"
"111,753,111,326"
"111,833,111,381"
"111,979,111,418"
"111,958,111,389"
"111,908,111,390"
"111,796,111,373"
"111,909,111,399"
"112,011,111,429"
"112,014,111,431"
"112,008,111,414"
"111,884,111,380"
"111,986,111,405"
"112,112,111,479"
"112,052,111,437"
"112,055,111,438"
"111,970,111,407"
"112,043,111,462"
"112,155,111,473"
"112,177,111,487"
"112,079,111,471"
"112,014,111,417"
"112,079,111,443"
"112,198,111,495"
"112,193,111,506"
"112,164,111,471"
"112,013,111,446"
"112,139,111,490"
"112,257,111,525"
"112,259,111,524"
"112,150,111,524"
"112,135,111,445"
"112,157,111,511"
"112,233,111,497"
"112,241,111,525"
"112,167,111,490"
"111,961,111,371"
"111,995,111,397"
"112,019,111,457"
"111,915,111,364"
"111,802,111,322"
"111,624,111,259"
"111,584,111,239"
"111,646,111,238"
"111,553,111,214"
"111,369,111,121"
"111,231,111,101"
"111,214,111,069"
"111,236,111,053"
"111,188,111,037"
"111,081,110,988"
"110,956,110,952"
"110,971,110,921"
"110,980,110,950"
"110,942,110,946"
"110,894,110,904"
"110,741,110,860"
"110,818,110,867"
"110,898,110,921"
"110,890,110,890"
"110,855,110,917"
"110,720,110,824"
"110,810,110,908"
"110,856,110,916"
"110,864,110,906"
"110,801,110,916"
"110,704,110,848"
"110,809,110,885"
"110,846,110,929"
"110,845,110,925"
"110,804,110,914"
"110,697,110,820"
"110,787,110,866"
"110,893,110,925"
"110,861,110,907"
"110,781,110,893"
"110,717,110,877"
"110,775,110,883"
"110,898,110,916"
"110,886,110,953"
"110,839,110,887"
"110,751,110,901"
"110,812,110,888"
"110,942,110,956"
"110,926,110,960"
"110,941,110,919"
"110,827,110,955"
"110,926,110,912"
"111,038,111,016"
"111,074,110,998"
"111,079,111,006"
"110,971,110,982"
"111,049,110,988"
"111,180,111,091"
"111,221,111,076"
"111,163,111,054"
"111,139,111,044"
"111,212,111,066"
"111,286,111,112"
"111,334,111,130"
"111,261,111,091"
"111,215,111,091"
"111,258,111,108"
"111,339,111,107"
"111,388,111,102"
"111,277,111,123"
"111,146,111,063"
"111,230,111,071"
"111,323,111,119"
"111,292,111,100"
"111,213,111,042"
"111,130,111,050"
"111,182,111,036"
"111,235,111,096"
"111,250,111,095"
"111,139,111,049"
"111,039,111,007"
"111,063,111,039"
"111,155,111,026"
"111,129,111,010"
"111,098,111,043"
"110,974,110,929"
"111,031,110,994"
"111,129,111,055"
"111,145,111,012"
"111,086,111,004"
"110,962,110,953"
"111,078,110,979"
"111,130,111,082"
"111,152,111,012"
"111,134,111,018"
"111,029,111,004"
"111,126,111,029"
"111,220,111,104"
"111,213,111,065"
"111,228,111,046"
"111,152,111,021"
"111,198,111,051"
"111,302,111,078"
"111,311,111,092"
"111,228,111,107"
"111,193,111,015"
"111,255,111,096"
"111,353,111,128"
"111,351,111,146"
"111,342,111,086"
"111,232,111,100"
"111,330,111,086"
"111,412,111,158"
"111,423,111,135"
"111,389,111,113"
"111,307,111,121"
"111,399,111,171"
"111,503,111,163"
"111,526,111,202"
"111,495,111,167"
"111,360,111,112"
"111,463,111,173"
"111,555,111,253"
"111,551,111,214"
"111,526,111,219"
"111,471,111,164"
"111,512,111,192"
"111,601,111,213"
"111,666,111,232"
"111,559,111,240"
"111,506,111,163"
"111,602,111,233"
"111,689,111,244"
"111,705,111,292"
"111,635,111,237"
"111,610,111,233"
"111,668,111,272"
"111,733,111,299"
"111,805,111,313"
"111,712,111,321"
"111,663,111,235"
"111,749,111,275"
"111,798,111,312"
"111,861,111,348"
"111,797,111,326"
"111,693,111,257"
"111,802,111,318"
"111,844,111,348"
"111,905,111,371"
"111,872,111,322"
"111,770,111,292"
"111,864,111,330"
"111,923,111,358"
"111,988,111,350"
"111,919,111,376"
"111,863,111,354"
"111,902,111,360"
"111,966,111,400"
"112,055,111,363"
"111,976,111,412"
"111,913,111,373"
"111,973,111,404"
"112,057,111,427"
"112,103,111,426"
"112,061,111,393"
"111,982,111,411"
"112,048,111,422"
"112,143,111,418"
"112,162,111,448"
"112,094,111,428"
"112,039,111,383"
"112,108,111,441"
"112,151,111,499"
"112,181,111,427"
"112,086,111,417"
"111,948,111,380"
"111,908,111,323"
"111,949,111,390"
"111,845,111,294"
"111,773,111,263"
"111,573,111,162"
"111,550,111,182"
"111,575,111,189"
"111,447,111,141"
"111,347,111,085"
"111,177,111,007"
"111,157,111,005"
"111,229,111,020"
"111,122,110,987"
"111,078,110,971"
"110,892,110,876"
"110,973,110,929"
"110,984,110,898"
"110,994,110,926"
"110,914,110,908"
"110,793,110,877"
"110,895,110,890"
"110,934,110,920"
"110,935,110,899"
"110,925,110,914"
"110,801,110,860"
"110,911,110,883"
"110,972,110,932"
"111,017,110,944"
"110,965,110,927"
"110,908,110,846"
"110,972,110,943"
"111,058,110,929"
"111,124,110,973"
"111,061,110,975"
"111,028,110,924"
"111,088,110,951"
"111,179,111,023"
"111,226,111,007"
"111,208,110,977"
"111,122,110,970"
"111,212,111,044"
"111,329,111,053"
"111,346,111,094"
"111,305,111,026"
"111,272,111,039"
"111,317,111,069"
"111,443,111,120"
"111,456,111,150"
"111,476,111,118"
"111,363,111,088"
"111,485,111,136"
"111,543,111,226"
"111,561,111,150"
"111,606,111,217"
"111,485,111,130"
"111,586,111,192"
"111,745,111,250"
"111,662,111,209"
"111,684,111,204"
"111,582,111,197"
"111,655,111,225"
"111,704,111,256"
"111,710,111,217"
"111,704,111,223"
"111,581,111,152"
"111,704,111,247"
"111,742,111,252"
"111,718,111,244"
"111,703,111,212"
"111,588,111,179"
"111,570,111,211"
"111,678,111,203"
"111,696,111,222"
"111,624,111,179"
"111,543,111,152"
"111,539,111,167"
"111,629,111,193"
"111,607,111,206"
"111,556,111,150"
"111,399,111,121"
"111,457,111,116"
"111,530,111,152"
"111,523,111,117"
"111,507,111,156"
"111,384,111,078"
"111,444,111,136"
"111,513,111,115"
"111,511,111,167"
"111,516,111,136"
"111,379,111,121"
"111,480,111,094"
"111,527,111,173"
"111,574,111,200"
"111,515,111,134"
"111,460,111,116"
"111,512,111,158"
"111,618,111,174"
"111,619,111,220"
"111,611,111,205"
"111,497,111,154"
"111,602,111,163"
"111,696,111,252"
"111,653,111,178"
"111,669,111,218"
"111,532,111,162"
"111,667,111,191"
"111,728,111,277"
"111,702,111,219"
"111,744,111,259"
"111,622,111,169"
"111,685,111,221"
"111,764,111,265"
"111,814,111,245"
"111,767,111,217"
"111,721,111,205"
"111,763,111,260"
"111,878,111,275"
"111,882,111,295"
"111,851,111,292"
"111,756,111,246"
"111,871,111,232"
"111,895,111,333"
"111,903,111,317"
"111,922,111,311"
"111,839,111,250"
"111,856,111,316"
"112,022,111,343"
"112,001,111,363"
"111,946,111,332"
"111,873,111,268"
"111,941,111,347"
"112,053,111,339"
"112,054,111,392"
"112,003,111,331"
"111,955,111,320"
"112,020,111,363"
"112,066,111,396"
"112,080,111,393"
"112,099,111,384"
"111,980,111,344"
"112,074,111,383"
"112,108,111,395"
"112,161,111,414"
"112,103,111,364"
"112,083,111,345"
"112,099,111,398"
"112,188,111,407"
"112,231,111,420"
"112,177,111,422"
"112,085,111,376"
"112,213,111,403"
"112,265,111,485"
"112,262,111,460"
"112,269,111,443"
"112,138,111,412"
"112,263,111,402"
"112,315,111,526"
"112,313,111,472"
"112,326,111,428"
"112,231,111,435"
"112,280,111,473"
"112,360,111,494"
"112,383,111,515"
"112,335,111,463"
"112,273,111,444"
"112,315,111,495"
"112,408,111,505"
"112,417,111,503"
"112,349,111,490"
"112,295,111,449"
"112,370,111,480"
"112,422,111,551"
"112,395,111,464"
"112,408,111,511"
"112,264,111,437"
"112,278,111,482"
"112,337,111,500"
"112,335,111,463"
"112,233,111,406"
"112,110,111,334"
"112,125,111,419"
"112,149,111,386"
"112,105,111,363"
"111,994,111,298"
"111,840,111,254"
"111,850,111,260"
"111,895,111,281"
"111,845,111,256"
"111,805,111,225"
"111,648,111,178"
"111,661,111,210"
"111,731,111,235"
"111,703,111,183"
"111,662,111,165"
"111,530,111,122"
"111,600,111,155"
"111,656,111,184"
"111,641,111,190"
"111,616,111,145"
"111,497,111,113"
"111,581,111,138"
"111,680,111,218"
"111,664,111,172"
"111,590,111,157"
"111,514,111,113"
"111,571,111,117"
"111,690,111,169"
"111,653,111,178"
"111,618,111,163"
"111,572,111,100"
"111,599,111,190"
"111,717,111,231"
"111,717,111,189"
"111,672,111,165"
"111,595,111,132"
"111,683,111,201"
"111,751,111,192"
"111,777,111,206"
"111,718,111,206"
"111,687,111,169"
"111,742,111,212"
"111,796,111,268"
"111,832,111,224"
"111,811,111,223"
"111,717,111,183"
"111,802,111,268"
"111,885,111,243"
"111,935,111,290"
"111,880,111,246"
"111,822,111,224"
"111,903,111,243"
"112,025,111,323"
"111,974,111,320"
"111,993,111,296"
"111,883,111,254"
"111,966,111,288"
"112,019,111,342"
"111,997,111,313"
"112,011,111,317"
"111,898,111,235"
"111,971,111,331"
"112,043,111,324"
"112,030,111,312"
"111,947,111,324"
"111,867,111,190"
"111,928,111,313"
"111,981,111,318"
"111,977,111,272"
"111,922,111,274"
"111,776,111,217"
"111,898,111,265"
"111,942,111,298"
"111,880,111,226"
"111,877,111,227"
"111,764,111,197"
"111,825,111,196"
"111,905,111,272"
"111,825,111,267"
"111,833,111,223"
"111,757,111,168"
"111,781,111,208"
"111,891,111,243"
"111,898,111,265"
"111,853,111,253"
"111,797,111,184"
"111,839,111,252"
"111,946,111,278"
"111,910,111,294"
"111,911,111,256"
"111,765,111,208"
"111,872,111,282"
"111,927,111,294"
"111,982,111,280"
"111,963,111,256"
"111,835,111,206"
"111,913,111,293"
"111,982,111,310"
"111,998,111,261"
"111,966,111,272"
"111,895,111,210"
"111,970,111,276"
"112,027,111,347"
"112,037,111,290"
"112,014,111,287"
"111,963,111,257"
"112,031,111,315"
"112,094,111,350"
"112,057,111,306"
"112,058,111,309"
"111,966,111,299"
"112,068,111,335"
"112,127,111,372"
"112,154,111,359"
"112,081,111,358"
"111,994,111,263"
"112,100,111,343"
"112,175,111,394"
"112,149,111,347"
"112,154,111,337"
"112,056,111,331"
"112,126,111,323"
"112,167,111,377"
"112,255,111,407"
"112,222,111,381"
"112,086,111,344"
"112,199,111,377"
"112,260,111,446"
"112,236,111,378"
"112,234,111,422"
"112,129,111,347"
"112,253,111,397"
"112,288,111,443"
"112,276,111,454"
"112,294,111,419"
"112,155,111,360"
"112,274,111,423"
"112,343,111,456"
"112,375,111,433"
"112,308,111,455"
"112,237,111,385"
"112,316,111,475"
"112,388,111,475"
"112,400,111,446"
"112,367,111,486"
"112,273,111,380"
"112,362,111,442"
"112,452,111,500"
"112,454,111,470"
"112,403,111,493"
"112,303,111,394"
"112,434,111,509"
"112,493,111,539"
"112,439,111,502"
"112,459,111,524"
"112,334,111,433"
"112,456,111,534"
"112,514,111,553"
"112,556,111,536"
"112,491,111,513"
"112,409,111,469"
"112,483,111,484"
"112,568,111,571"
"112,495,111,506"
"112,424,111,507"
"112,369,111,469"
"112,380,111,444"
"112,412,111,478"
"112,302,111,421"
"112,227,111,403"
"112,067,111,312"
"112,078,111,319"
"112,044,111,287"
"112,030,111,329"
"111,880,111,217"
"111,729,111,164"
"111,739,111,222"
"111,737,111,203"
"111,695,111,143"
"111,619,111,116"
"111,475,111,083"
"111,519,111,068"
"111,564,111,129"
"111,521,111,089"
"111,438,111,058"
"111,345,110,961"
"111,356,111,072"
"111,452,111,053"
"111,435,111,042"
"111,409,111,039"
"111,254,110,971"
"111,357,111,057"
"111,374,111,058"
"111,381,111,031"
"111,348,110,984"
"111,248,110,982"
"111,328,110,993"
"111,407,111,058"
"111,385,111,048"
"111,363,111,021"
"111,280,110,948"
"111,354,111,022"
"111,439,111,065"
"111,455,111,004"
"111,403,111,061"
"111,338,110,984"
"111,374,111,034"
"111,512,111,116"
"111,488,111,087"
"111,478,111,044"
"111,372,111,013"
"111,490,111,094"
"111,565,111,128"
"111,584,111,130"
"111,575,111,130"
"111,468,111,070"
"111,602,111,144"
"111,670,111,160"
"111,674,111,169"
"111,715,111,151"
"111,592,111,126"
"111,761,111,225"
"111,779,111,223"
"111,814,111,234"
"111,837,111,203"
"111,695,111,197"
"111,829,111,166"
"111,929,111,283"
"111,879,111,263"
"111,880,111,254"
"111,777,111,156"
"111,841,111,236"
"111,980,111,285"
"111,894,111,253"
"111,864,111,218"
"111,794,111,185"
"111,866,111,237"
"111,882,111,241"
"111,868,111,223"
"111,858,111,184"
"111,693,111,172"
"111,770,111,189"
"111,817,111,249"
"111,801,111,188"
"111,785,111,168"
"111,594,111,132"
"111,743,111,142"
"111,753,111,197"
"111,793,111,158"
"111,724,111,132"
"111,632,111,084"
"111,683,111,170"
"111,729,111,160"
"111,783,111,190"
"111,710,111,139"
"111,595,111,126"
"111,684,111,174"
"111,801,111,187"
"111,783,111,156"
"111,722,111,162"
"111,673,111,132"
"111,745,111,160"
"111,873,111,246"
"111,796,111,180"
"111,851,111,184"
"111,732,111,168"
"111,849,111,199"
"111,916,111,270"
"111,890,111,209"
"111,913,111,203"
"111,806,111,216"
"111,904,111,235"
"112,012,111,280"
"111,987,111,285"
"111,988,111,248"
"111,871,111,228"
"111,989,111,237"
"112,107,111,327"
"112,039,111,301"
"112,026,111,281"
"111,980,111,232"
"112,093,111,301"
"112,149,111,345"
"112,165,111,351"
"112,116,111,330"
"112,058,111,243"
"112,136,111,354"
"112,209,111,363"
"112,209,111,389"
"112,165,111,334"
"112,070,111,277"
"112,213,111,358"
"112,267,111,413"
"112,278,111,386"
"112,216,111,398"
"112,152,111,328"
"112,243,111,395"
"112,303,111,427"
"112,316,111,425"
"112,295,111,357"
"112,227,111,381"
"112,330,111,382"
"112,404,111,438"
"112,401,111,425"
"112,366,111,426"
"112,245,111,337"
"112,374,111,437"
"112,450,111,461"
"112,441,111,433"
"112,470,111,415"
"112,303,111,420"
"112,460,111,423"
"112,505,111,501"
"112,482,111,441"
"112,487,111,467"
"112,378,111,405"
"112,485,111,478"
"112,539,111,509"
"112,576,111,468"
"112,497,111,494"
"112,386,111,391"
"112,508,111,445"
"112,627,111,563"
"112,589,111,482"
"112,561,111,473"
"112,415,111,427"
"112,492,111,499"
"112,641,111,558"
"112,604,111,491"
"112,531,111,469"
"112,424,111,401"
"112,460,111,436"
"112,464,111,468"
"112,298,111,419"
"112,200,111,320"
"111,939,111,241"
"111,955,111,202"
"111,894,111,243"
"111,805,111,142"
"111,625,111,091"
"111,374,110,998"
"111,369,110,943"
"111,391,111,003"
"111,222,110,885"
"111,090,110,836"
"110,845,110,768"
"110,897,110,743"
"110,977,110,842"
"110,883,110,719"
"110,802,110,741"
"110,632,110,646"
"110,763,110,688"
"110,775,110,755"
"110,764,110,685"
"110,715,110,719"
"110,590,110,634"
"110,667,110,711"
"110,822,110,733"
"110,748,110,741"
"110,708,110,729"
"110,660,110,668"
"110,769,110,742"
"110,847,110,741"
"110,853,110,783"
"110,855,110,751"
"110,784,110,748"
"110,891,110,797"
"111,007,110,806"
"110,995,110,872"
"111,029,110,834"
"110,972,110,812"
"111,073,110,886"
"111,182,110,907"
"111,206,110,928"
"111,155,110,887"
"111,152,110,855"
"111,273,110,954"
"111,337,110,990"
"111,389,111,008"
"111,368,111,015"
"111,283,110,940"
"111,369,111,027"
"111,530,111,059"
"111,521,111,026"
"111,539,111,066"
"111,446,111,005"
"111,599,111,073"
"111,704,111,130"
"111,645,111,111"
"111,652,111,087"
"111,575,111,102"
"111,697,111,137"
"111,807,111,165"
"111,796,111,156"
"111,771,111,179"
"111,641,111,076"
"111,776,111,172"
"111,813,111,191"
"111,839,111,201"
"111,756,111,162"
"111,681,111,106"
"111,738,111,193"
"111,808,111,143"
"111,783,111,158"
"111,687,111,120"
"111,576,111,050"
"111,630,111,130"
"111,727,111,144"
"111,678,111,100"
"111,590,111,076"
"111,502,111,043"
"111,582,111,063"
"111,621,111,089"
"111,565,111,064"
"111,493,111,045"
"111,419,110,999"
"111,485,111,015"
"111,563,111,063"
"111,531,111,045"
"111,483,111,028"
"111,360,110,982"
"111,471,111,024"
"111,545,111,056"
"111,516,111,032"
"111,492,111,035"
"111,385,110,977"
"111,497,111,047"
"111,585,111,084"
"111,553,111,090"
"111,556,111,052"
"111,427,110,996"
"111,564,111,078"
"111,634,111,115"
"111,660,111,098"
"111,574,111,113"
"111,530,111,010"
"111,665,111,085"
"111,722,111,143"
"111,737,111,164"
"111,721,111,141"
"111,598,111,079"
"111,729,111,123"
"111,855,111,212"
"111,847,111,176"
"111,782,111,157"
"111,701,111,146"
"111,806,111,156"
"111,943,111,225"
"111,939,111,188"
"111,879,111,197"
"111,759,111,139"
"111,888,111,201"
"112,020,111,259"
"111,999,111,250"
"111,951,111,234"
"111,837,111,167"
"111,960,111,241"
"112,072,111,269"
"112,073,111,260"
"112,016,111,234"
"111,963,111,228"
"112,046,111,251"
"112,157,111,274"
"112,155,111,308"
"112,133,111,288"
"112,016,111,212"
"112,168,111,294"
"112,207,111,330"
"112,219,111,333"
"112,196,111,298"
"112,121,111,325"
"112,208,111,326"
"112,326,111,358"
"112,280,111,370"
"112,239,111,310"
"112,163,111,284"
"112,284,111,350"
"112,366,111,391"
"112,340,111,374"
"112,307,111,375"
"112,227,111,338"
"112,314,111,355"
"112,433,111,423"
"112,409,111,402"
"112,359,111,388"
"112,247,111,345"
"112,380,111,407"
"112,442,111,389"
"112,456,111,404"
"112,404,111,429"
"112,331,111,385"
"112,404,111,409"
"112,501,111,435"
"112,495,111,441"
"112,447,111,409"
"112,314,111,379"
"112,437,111,419"
"112,497,111,424"
"112,461,111,426"
"112,371,111,390"
"112,173,111,315"
"112,224,111,332"
"112,237,111,313"
"112,095,111,276"
"111,916,111,203"
"111,715,111,111"
"111,716,111,058"
"111,692,111,077"
"111,524,111,001"
"111,346,110,944"
"111,125,110,844"
"111,113,110,834"
"111,104,110,837"
"110,985,110,760"
"110,860,110,735"
"110,708,110,660"
"110,731,110,674"
"110,819,110,711"
"110,711,110,666"
"110,658,110,640"
"110,481,110,589"
"110,623,110,601"
"110,672,110,651"
"110,657,110,630"
"110,587,110,632"
"110,506,110,560"
"110,596,110,629"
"110,697,110,653"
"110,696,110,645"
"110,668,110,643"
"110,592,110,651"
"110,729,110,667"
"110,837,110,735"
"110,835,110,705"
"110,863,110,751"
"110,824,110,697"
"110,948,110,785"
"111,057,110,798"
"111,050,110,805"
"111,057,110,845"
"110,976,110,780"
"111,165,110,864"
"111,256,110,908"
"111,223,110,877"
"111,235,110,921"
"111,209,110,869"
"111,326,110,964"
"111,456,110,977"
"111,460,110,995"
"111,425,110,952"
"111,391,110,966"
"111,466,111,038"
"111,602,111,075"
"111,616,111,078"
"111,614,111,034"
"111,520,111,048"
"111,667,111,089"
"111,753,111,136"
"111,786,111,109"
"111,724,111,132"
"111,611,111,053"
"111,803,111,132"
"111,846,111,166"
"111,810,111,137"
"111,811,111,156"
"111,711,111,099"
"111,764,111,177"
"111,901,111,184"
"111,815,111,158"
"111,746,111,122"
"111,670,111,095"
"111,751,111,151"
"111,849,111,117"
"111,769,111,113"
"111,647,111,108"
"111,561,111,022"
"111,678,111,085"
"111,713,111,111"
"111,654,111,065"
"111,609,111,038"
"111,450,110,977"
"111,541,111,053"
"111,635,111,044"
"111,572,111,040"
"111,538,111,013"
"111,417,111,005"
"111,490,111,014"
"111,626,111,065"
"111,558,111,030"
"111,467,111,043"
"111,412,110,934"
"111,529,111,038"
"111,605,111,020"
"111,585,111,048"
"111,551,111,027"
"111,422,110,977"
"111,574,111,011"
"111,610,111,057"
"111,618,111,026"
"111,624,111,036"
"111,513,110,994"
"111,620,111,067"
"111,745,111,116"
"111,724,111,112"
"111,699,111,072"
"111,553,111,037"
"111,731,111,125"
"111,804,111,135"
"111,778,111,108"
"111,741,111,108"
"111,664,111,099"
"111,816,111,138"
"111,870,111,175"
"111,842,111,148"
"111,835,111,141"
"111,746,111,117"
"111,903,111,169"
"111,953,111,194"
"111,942,111,203"
"111,943,111,189"
"111,843,111,147"
"111,939,111,206"
"112,050,111,235"
"112,017,111,215"
"112,029,111,227"
"111,918,111,173"
"112,053,111,237"
"112,122,111,264"
"112,154,111,270"
"112,113,111,246"
"112,022,111,231"
"112,124,111,261"
"112,220,111,293"
"112,216,111,295"
"112,211,111,299"
"112,098,111,245"
"112,218,111,298"
"112,288,111,306"
"112,305,111,364"
"112,278,111,308"
"112,139,111,262"
"112,293,111,312"
"112,358,111,335"
"112,335,111,363"
"112,331,111,342"
"112,202,111,301"
"112,328,111,333"
"112,422,111,403"
"112,387,111,351"
"112,349,111,354"
"112,264,111,317"
"112,377,111,372"
"112,450,111,402"
"112,396,111,383"
"112,394,111,376"
"112,287,111,330"
"112,413,111,393"
"112,496,111,390"
"112,482,111,410"
"112,454,111,402"
"112,346,111,342"
"112,440,111,383"
"112,536,111,451"
"112,506,111,434"
"112,455,111,395"
"112,326,111,364"
"112,412,111,374"
"112,449,111,381"
"112,369,111,329"
"112,237,111,299"
"112,087,111,239"
"112,070,111,223"
"112,035,111,232"
"111,920,111,179"
"111,827,111,102"
"111,599,111,033"
"111,647,111,024"
"111,605,111,038"
"111,532,110,990"
"111,459,110,958"
"111,286,110,891"
"111,322,110,917"
"111,354,110,904"
"111,244,110,872"
"111,222,110,844"
"111,067,110,801"
"111,158,110,848"
"111,193,110,848"
"111,170,110,832"
"111,141,110,823"
"111,030,110,772"
"111,122,110,815"
"111,189,110,859"
"111,177,110,860"
"111,162,110,838"
"111,035,110,795"
"111,166,110,845"
"111,262,110,878"
"111,233,110,861"
"111,231,110,883"
"111,171,110,847"
"111,275,110,891"
"111,389,110,954"
"111,353,110,927"
"111,351,110,914"
"111,308,110,879"
"111,433,110,957"
"111,514,111,006"
"111,506,110,999"
"111,472,110,957"
"111,395,110,937"
"111,542,110,999"
"111,622,111,031"
"111,616,111,049"
"111,650,111,041"
"111,521,111,000"
"111,638,111,065"
"111,727,111,099"
"111,757,111,069"
"111,735,111,064"
"111,658,111,061"
"111,807,111,109"
"111,885,111,157"
"111,893,111,140"
"111,867,111,129"
"111,804,111,103"
"111,941,111,161"
"111,995,111,218"
"111,975,111,156"
"111,949,111,166"
"111,851,111,134"
"111,962,111,186"
"112,011,111,201"
"112,002,111,190"
"111,993,111,165"
"111,845,111,127"
"111,926,111,161"
"111,992,111,205"
"111,942,111,165"
"111,907,111,137"
"111,773,111,088"
"111,869,111,133"
"111,884,111,162"
"111,871,111,132"
"111,826,111,096"
"111,672,111,065"
"111,768,111,121"
"111,826,111,120"
"111,781,111,121"
"111,758,111,081"
"111,608,111,026"
"111,710,111,080"
"111,785,111,100"
"111,743,111,073"
"111,690,111,054"
"111,591,111,017"
"111,692,111,070"
"111,780,111,082"
"111,707,111,061"
"111,697,111,080"
"111,598,111,030"
"111,709,111,075"
"111,784,111,098"
"111,737,111,082"
"111,736,111,081"
"111,626,111,043"
"111,705,111,071"
"111,835,111,150"
"111,815,111,131"
"111,770,111,090"
"111,722,111,100"
"111,822,111,112"
"111,887,111,150"
"111,845,111,133"
"111,838,111,110"
"111,765,111,128"
"111,874,111,143"
"111,911,111,171"
"111,928,111,197"
"111,938,111,145"
"111,782,111,127"
"111,924,111,161"
"112,016,111,181"
"111,985,111,189"
"111,969,111,183"
"111,912,111,115"
"111,978,111,184"
"112,086,111,253"
"112,069,111,232"
"112,043,111,203"
"111,938,111,176"
"112,102,111,239"
"112,154,111,275"
"112,163,111,245"
"112,082,111,227"
"112,042,111,208"
"112,143,111,260"
"112,242,111,313"
"112,212,111,273"
"112,183,111,266"
"112,092,111,227"
"112,232,111,288"
"112,319,111,343"
"112,273,111,310"
"112,236,111,314"
"112,176,111,219"
"112,266,111,343"
"112,341,111,378"
"112,334,111,331"
"112,308,111,311"
"112,244,111,241"
"112,372,111,373"
"112,427,111,397"
"112,418,111,353"
"112,417,111,349"
"112,313,111,341"
"112,416,111,328"
"112,482,111,396"
"112,438,111,381"
"112,443,111,366"
"112,368,111,338"
"112,449,111,346"
"112,521,111,433"
"112,511,111,406"
"112,484,111,346"
"112,420,111,365"
"112,509,111,394"
"112,556,111,426"
"112,540,111,423"
"112,485,111,415"
"112,382,111,324"
"112,486,111,414"
"112,485,111,416"
"112,446,111,371"
"112,330,111,309"
"112,206,111,222"
"112,188,111,254"
"112,145,111,280"
"112,027,111,216"
"111,869,111,101"
"111,760,111,037"
"111,710,111,067"
"111,676,111,063"
"111,602,111,018"
"111,481,110,930"
"111,315,110,899"
"111,307,110,858"
"111,310,110,915"
"111,250,110,833"
"111,135,110,818"
"111,018,110,726"
"111,103,110,816"
"111,123,110,831"
"111,089,110,773"
"110,983,110,752"
"110,929,110,682"
"111,035,110,751"
"111,100,110,816"
"111,035,110,778"
"111,018,110,716"
"110,954,110,736"
"111,019,110,741"
"111,114,110,801"
"111,103,110,803"
"111,083,110,789"
"111,031,110,774"
"111,120,110,810"
"111,220,110,894"
"111,221,110,848"
"111,198,110,827"
"111,170,110,827"
"111,274,110,934"
"111,324,110,919"
"111,367,110,870"
"111,344,110,897"
"111,280,110,879"
"111,382,110,953"
"111,477,110,995"
"111,489,110,966"
"111,457,110,952"
"111,404,110,926"
"111,589,111,017"
"111,651,111,051"
"111,630,111,015"
"111,593,111,024"
"111,593,110,974"
"111,694,111,072"
"111,822,111,106"
"111,778,111,106"
"111,789,111,049"
"111,766,111,078"
"111,860,111,130"
"111,933,111,149"
"111,966,111,128"
"111,925,111,157"
"111,799,111,102"
"111,941,111,184"
"112,021,111,183"
"112,016,111,162"
"111,955,111,184"
"111,817,111,119"
"111,986,111,193"
"112,004,111,210"
"111,967,111,151"
"111,888,111,097"
"111,818,111,085"
"111,843,111,120"
"111,916,111,166"
"111,847,111,095"
"111,773,111,071"
"111,717,111,034"
"111,764,111,111"
"111,783,111,099"
"111,755,111,062"
"111,701,111,031"
"111,635,111,048"
"111,705,111,047"
"111,781,111,095"
"111,651,111,058"
"111,658,110,993"
"111,562,110,994"
"111,654,111,010"
"111,739,111,073"
"111,669,111,050"
"111,642,110,996"
"111,574,111,008"
"111,645,111,012"
"111,719,111,052"
"111,710,111,057"
"111,654,111,065"
"111,567,110,965"
"111,700,111,082"
"111,762,111,117"
"111,700,111,035"
"111,709,111,041"
"111,647,111,027"
"111,730,111,051"
"111,833,111,099"
"111,739,111,099"
"111,735,111,062"
"111,681,110,994"
"111,782,111,153"
"111,887,111,150"
"111,840,111,138"
"111,773,111,099"
"111,721,111,059"
"111,868,111,146"
"111,941,111,176"
"111,918,111,131"
"111,901,111,111"
"111,832,111,155"
"111,930,111,147"
"112,040,111,215"
"111,962,111,184"
"111,971,111,134"
"111,902,111,173"
"112,009,111,182"
"112,087,111,203"
"112,033,111,202"
"112,032,111,202"
"111,983,111,125"
"112,041,111,243"
"112,162,111,264"
"112,124,111,217"
"112,061,111,194"
"112,040,111,166"
"112,103,111,282"
"112,218,111,287"
"112,193,111,271"
"112,148,111,257"
"112,116,111,253"
"112,226,111,246"
"112,290,111,340"
"112,262,111,282"
"112,254,111,287"
"112,179,111,266"
"112,253,111,324"
"112,379,111,360"
"112,330,111,337"
"112,260,111,297"
"112,255,111,253"
"112,346,111,334"
"112,441,111,369"
"112,366,111,330"
"112,368,111,326"
"112,272,111,331"
"112,456,111,370"
"112,507,111,390"
"112,425,111,356"
"112,413,111,307"
"112,385,111,365"
"112,489,111,368"
"112,534,111,408"
"112,460,111,395"
"112,443,111,327"
"112,271,111,323"
"112,383,111,362"
"112,372,111,345"
"112,189,111,300"
"112,071,111,203"
"111,885,111,102"
"111,887,111,173"
"111,863,111,087"
"111,666,111,013"
"111,513,110,937"
"111,314,110,862"
"111,304,110,873"
"111,266,110,872"
"111,084,110,762"
"110,939,110,695"
"110,787,110,637"
"110,819,110,651"
"110,832,110,694"
"110,782,110,658"
"110,633,110,585"
"110,544,110,507"
"110,619,110,599"
"110,636,110,579"
"110,596,110,566"
"110,553,110,544"
"110,424,110,505"
"110,561,110,580"
"110,624,110,601"
"110,603,110,540"
"110,563,110,538"
"110,470,110,512"
"110,621,110,597"
"110,682,110,628"
"110,702,110,579"
"110,658,110,604"
"110,615,110,539"
"110,748,110,597"
"110,838,110,680"
"110,827,110,666"
"110,847,110,665"
"110,818,110,670"
"110,965,110,715"
"111,081,110,782"
"111,063,110,752"
"111,026,110,766"
"110,971,110,734"
"111,152,110,827"
"111,242,110,859"
"111,221,110,819"
"111,254,110,840"
"111,150,110,833"
"111,327,110,922"
"111,411,110,928"
"111,423,110,957"
"111,368,110,921"
"111,412,110,885"
"111,504,110,981"
"111,612,111,032"
"111,623,110,991"
"111,597,110,978"
"111,546,111,013"
"111,688,111,022"
"111,745,111,081"
"111,757,111,049"
"111,689,111,046"
"111,637,110,975"
"111,732,111,047"
"111,850,111,087"
"111,772,111,052"
"111,729,111,041"
"111,637,110,993"
"111,724,111,051"
"111,769,111,082"
"111,699,111,024"
"111,576,110,974"
"111,564,110,949"
"111,649,110,984"
"111,671,111,020"
"111,604,110,971"
"111,512,110,969"
"111,405,110,892"
"111,482,110,944"
"111,528,110,947"
"111,452,110,941"
"111,391,110,879"
"111,319,110,881"
"111,410,110,913"
"111,417,110,933"
"111,400,110,879"
"111,319,110,869"
"111,267,110,859"
"111,365,110,905"
"111,428,110,919"
"111,390,110,888"
"111,308,110,842"
"111,249,110,853"
"111,390,110,898"
"111,475,110,920"
"111,419,110,895"
"111,329,110,882"
"111,324,110,884"
"111,433,110,916"
"111,488,110,917"
"111,471,110,944"
"111,405,110,923"
"111,382,110,898"
"111,505,110,954"
"111,563,110,969"
"111,544,110,932"
"111,506,110,943"
"111,474,110,914"
"111,554,110,967"
"111,624,110,991"
"111,613,110,970"
"111,572,110,978"
"111,505,110,899"
"111,703,111,015"
"111,691,111,067"
"111,702,111,026"
"111,641,110,995"
"111,608,111,007"
"111,706,111,026"
"111,818,111,038"
"111,741,111,052"
"111,747,111,038"
"111,655,111,017"
"111,815,111,027"
"111,891,111,118"
"111,829,111,036"
"111,783,111,048"
"111,736,111,019"
"111,890,111,119"
"111,902,111,107"
"111,887,111,120"
"111,833,111,099"
"111,753,111,073"
"111,914,111,116"
"111,981,111,139"
"111,955,111,134"
"111,848,111,103"
"111,843,111,079"
"111,983,111,128"
"112,056,111,150"
"111,962,111,140"
"111,963,111,099"
"111,876,111,119"
"112,000,111,148"
"112,118,111,182"
"112,064,111,176"
"111,977,111,154"
"111,966,111,092"
"112,085,111,168"
"112,150,111,213"
"112,112,111,191"
"112,021,111,149"
"111,958,111,160"
"112,120,111,201"
"112,161,111,204"
"112,097,111,197"
"112,043,111,152"
"111,989,111,157"
"112,097,111,187"
"112,194,111,212"
"112,072,111,183"
"111,986,111,138"
"111,843,111,054"
"111,854,111,120"
"111,803,111,012"
"111,678,111,007"
"111,476,110,904"
"111,283,110,793"
"111,277,110,808"
"111,192,110,749"
"110,952,110,704"
"110,772,110,561"
"110,600,110,502"
"110,668,110,556"
"110,598,110,539"
"110,524,110,446"
"110,338,110,392"
"110,261,110,373"
"110,302,110,424"
"110,384,110,376"
"110,232,110,382"
"110,123,110,304"
"110,059,110,293"
"110,145,110,349"
"110,211,110,318"
"110,183,110,317"
"110,095,110,284"
"110,002,110,247"
"110,136,110,322"
"110,189,110,339"
"110,153,110,323"
"110,081,110,261"
"110,043,110,300"
"110,181,110,322"
"110,273,110,383"
"110,187,110,331"
"110,208,110,312"
"110,098,110,351"
"110,278,110,402"
"110,414,110,435"
"110,349,110,430"
"110,320,110,365"
"110,268,110,424"
"110,417,110,466"
"110,552,110,499"
"110,526,110,491"
"110,440,110,460"
"110,442,110,470"
"110,610,110,553"
"110,698,110,550"
"110,702,110,561"
"110,643,110,564"
"110,568,110,534"
"110,774,110,632"
"110,899,110,614"
"110,827,110,637"
"110,840,110,642"
"110,841,110,632"
"110,969,110,724"
"111,075,110,693"
"111,046,110,725"
"111,025,110,711"
"110,973,110,700"
"111,161,110,750"
"111,198,110,810"
"111,163,110,796"
"111,097,110,748"
"111,032,110,737"
"111,180,110,801"
"111,267,110,776"
"111,176,110,767"
"111,102,110,750"
"111,029,110,698"
"111,127,110,750"
"111,171,110,763"
"111,093,110,744"
"111,010,110,667"
"110,927,110,691"
"111,000,110,715"
"111,068,110,702"
"110,989,110,658"
"110,890,110,661"
"110,775,110,581"
"110,935,110,643"
"110,939,110,690"
"110,887,110,648"
"110,806,110,605"
"110,713,110,590"
"110,836,110,592"
"110,884,110,675"
"110,861,110,614"
"110,756,110,585"
"110,700,110,574"
"110,849,110,618"
"110,862,110,640"
"110,827,110,633"
"110,792,110,590"
"110,705,110,546"
"110,857,110,643"
"110,887,110,655"
"110,880,110,651"
"110,855,110,621"
"110,767,110,565"
"110,921,110,642"
"111,024,110,679"
"110,967,110,683"
"110,848,110,607"
"110,841,110,654"
"110,958,110,673"
"111,073,110,702"
"111,019,110,686"
"111,004,110,670"
"110,931,110,625"
"111,079,110,710"
"111,125,110,776"
"111,079,110,733"
"111,088,110,717"
"111,031,110,652"
"111,176,110,753"
"111,254,110,800"
"111,204,110,795"
"111,143,110,733"
"111,112,110,742"
"111,273,110,791"
"111,323,110,838"
"111,357,110,822"
"111,271,110,807"
"111,255,110,792"
"111,349,110,835"
"111,470,110,905"
"111,449,110,845"
"111,361,110,831"
"111,357,110,818"
"111,474,110,897"
"111,540,110,910"
"111,523,110,920"
"111,458,110,857"
"111,447,110,891"
"111,536,110,917"
"111,663,110,943"
"111,578,110,911"
"111,542,110,895"
"111,500,110,877"
"111,650,110,979"
"111,687,110,943"
"111,640,110,925"
"111,585,110,952"
"111,562,110,904"
"111,685,110,973"
"111,711,110,987"
"111,717,110,986"
"111,640,110,958"
"111,620,110,940"
"111,710,111,014"
"111,818,111,010"
"111,762,111,010"
"111,702,110,965"
"111,703,110,988"
"111,804,111,013"
"111,805,111,046"
"111,824,111,028"
"111,771,110,947"
"111,724,111,006"
"111,775,111,025"
"111,847,111,043"
"111,783,111,026"
"111,689,110,969"
"111,634,110,927"
"111,636,110,980"
"111,634,110,922"
"111,494,110,880"
"111,379,110,826"
"111,234,110,770"
"111,235,110,803"
"111,237,110,788"
"111,091,110,722"
"110,975,110,616"
"110,860,110,587"
"110,855,110,645"
"110,855,110,573"
"110,740,110,542"
"110,603,110,498"
"110,527,110,486"
"110,598,110,485"
"110,639,110,543"
"110,550,110,481"
"110,445,110,394"
"110,432,110,409"
"110,504,110,425"
"110,513,110,458"
"110,477,110,428"
"110,422,110,404"
"110,355,110,367"
"110,503,110,453"
"110,520,110,470"
"110,498,110,417"
"110,440,110,386"
"110,398,110,429"
"110,522,110,469"
"110,542,110,481"
"110,515,110,461"
"110,467,110,439"
"110,468,110,417"
"110,580,110,492"
"110,621,110,498"
"110,604,110,486"
"110,561,110,443"
"110,545,110,490"
"110,610,110,526"
"110,729,110,554"
"110,715,110,558"
"110,619,110,494"
"110,598,110,526"
"110,777,110,549"
"110,790,110,610"
"110,762,110,570"
"110,794,110,536"
"110,736,110,599"
"110,879,110,628"
"110,984,110,670"
"110,937,110,656"
"110,913,110,605"
"110,913,110,664"
"111,063,110,713"
"111,076,110,691"
"111,062,110,709"
"110,977,110,670"
"110,987,110,654"
"111,159,110,768"
"111,147,110,729"
"111,152,110,707"
"111,077,110,663"
"111,035,110,690"
"111,115,110,729"
"111,214,110,759"
"111,135,110,728"
"111,060,110,650"
"111,001,110,692"
"111,124,110,703"
"111,159,110,763"
"111,049,110,683"
"111,059,110,641"
"110,982,110,621"
"111,045,110,741"
"111,120,110,677"
"111,054,110,701"
"110,962,110,680"
"110,915,110,605"
"111,026,110,698"
"111,095,110,679"
"110,979,110,651"
"110,933,110,607"
"110,874,110,646"
"110,991,110,634"
"111,064,110,656"
"111,025,110,651"
"110,968,110,644"
"110,895,110,632"
"111,079,110,658"
"111,075,110,717"
"111,058,110,673"
"111,016,110,665"
"110,953,110,620"
"111,145,110,703"
"111,141,110,728"
"111,132,110,716"
"111,108,110,644"
"111,098,110,689"
"111,179,110,778"
"111,258,110,764"
"111,204,110,749"
"111,141,110,739"
"111,182,110,716"
"111,344,110,785"
"111,349,110,821"
"111,316,110,770"
"111,281,110,765"
"111,291,110,750"
"111,431,110,840"
"111,477,110,829"
"111,397,110,822"
"111,390,110,822"
"111,382,110,810"
"111,549,110,873"
"111,594,110,885"
"111,533,110,864"
"111,480,110,827"
"111,506,110,852"
"111,634,110,911"
"111,659,110,924"
"111,616,110,904"
"111,587,110,879"
"111,570,110,883"
"111,720,110,946"
"111,758,110,946"
"111,686,110,950"
"111,635,110,905"
"111,660,110,904"
"111,755,110,974"
"111,859,110,979"
"111,767,110,979"
"111,718,110,944"
"111,715,110,934"
"111,793,111,012"
"111,898,111,009"
"111,819,110,973"
"111,744,110,967"
"111,751,110,938"
"111,879,111,030"
"111,906,110,984"
"111,871,111,011"
"111,818,110,969"
"111,798,110,980"
"111,882,110,998"
"111,947,111,051"
"111,880,111,014"
"111,843,110,964"
"111,829,110,993"
"111,901,111,002"
"111,980,111,097"
"111,931,111,047"
"111,831,110,999"
"111,833,110,953"
"111,968,111,052"
"111,992,111,063"
"111,940,111,047"
"111,885,110,982"
"111,861,111,011"
"111,893,111,071"
"111,901,111,017"
"111,769,110,979"
"111,624,110,884"
"111,512,110,849"
"111,594,110,893"
"111,484,110,821"
"111,344,110,812"
"111,151,110,721"
"111,001,110,621"
"111,009,110,627"
"110,937,110,630"
"110,768,110,523"
"110,632,110,462"
"110,559,110,409"
"110,600,110,479"
"110,597,110,458"
"110,472,110,413"
"110,375,110,320"
"110,372,110,351"
"110,402,110,347"
"110,441,110,382"
"110,356,110,339"
"110,264,110,307"
"110,248,110,295"
"110,389,110,356"
"110,384,110,339"
"110,366,110,351"
"110,276,110,298"
"110,277,110,296"
"110,359,110,374"
"110,428,110,372"
"110,403,110,334"
"110,327,110,328"
"110,337,110,337"
"110,489,110,382"
"110,486,110,415"
"110,515,110,410"
"110,453,110,353"
"110,472,110,385"
"110,624,110,450"
"110,661,110,457"
"110,635,110,462"
"110,617,110,451"
"110,641,110,450"
"110,786,110,514"
"110,850,110,543"
"110,815,110,554"
"110,795,110,519"
"110,779,110,533"
"110,970,110,621"
"111,014,110,638"
"110,953,110,617"
"110,937,110,588"
"110,941,110,627"
"111,153,110,673"
"111,158,110,694"
"111,149,110,705"
"111,069,110,630"
"111,100,110,647"
"111,215,110,768"
"111,295,110,755"
"111,223,110,714"
"111,176,110,687"
"111,134,110,700"
"111,316,110,742"
"111,309,110,729"
"111,265,110,725"
"111,146,110,665"
"111,153,110,695"
"111,269,110,770"
"111,273,110,738"
"111,167,110,704"
"111,079,110,656"
"111,033,110,625"
"111,124,110,697"
"111,097,110,698"
"111,041,110,645"
"110,925,110,549"
"110,918,110,562"
"110,963,110,615"
"111,005,110,625"
"110,896,110,596"
"110,807,110,554"
"110,734,110,516"
"110,896,110,581"
"110,908,110,535"
"110,858,110,555"
"110,718,110,476"
"110,763,110,492"
"110,826,110,573"
"110,872,110,584"
"110,829,110,540"
"110,779,110,531"
"110,741,110,484"
"110,851,110,586"
"110,906,110,559"
"110,830,110,548"
"110,798,110,528"
"110,799,110,542"
"110,964,110,560"
"110,978,110,594"
"110,945,110,578"
"110,917,110,581"
"110,877,110,613"
"111,041,110,633"
"111,083,110,653"
"111,112,110,660"
"110,979,110,592"
"111,014,110,608"
"111,152,110,697"
"111,251,110,718"
"111,163,110,691"
"111,122,110,648"
"111,173,110,668"
"111,280,110,735"
"111,310,110,757"
"111,292,110,747"
"111,262,110,713"
"111,215,110,753"
"111,418,110,786"
"111,444,110,759"
"111,387,110,789"
"111,342,110,755"
"111,373,110,734"
"111,475,110,850"
"111,496,110,829"
"111,519,110,802"
"111,444,110,823"
"111,438,110,813"
"111,600,110,844"
"111,645,110,872"
"111,588,110,885"
"111,553,110,820"
"111,558,110,842"
"111,678,110,896"
"111,735,110,918"
"111,697,110,886"
"111,561,110,862"
"111,597,110,834"
"111,743,110,964"
"111,758,110,929"
"111,746,110,926"
"111,600,110,876"
"111,686,110,876"
"111,740,110,971"
"111,788,110,973"
"111,805,110,952"
"111,683,110,918"
"111,699,110,925"
"111,842,110,997"
"111,883,110,980"
"111,850,110,951"
"111,758,110,954"
"111,742,110,928"
"111,906,111,010"
"111,955,111,014"
"111,852,110,954"
"111,800,110,935"
"111,821,110,954"
"111,871,110,960"
"111,854,110,965"
"111,753,110,891"
"111,574,110,848"
"111,440,110,813"
"111,435,110,796"
"111,365,110,746"
"111,193,110,690"
"110,995,110,584"
"110,825,110,556"
"110,836,110,505"
"110,751,110,460"
"110,577,110,369"
"110,380,110,324"
"110,327,110,309"
"110,344,110,266"
"110,314,110,278"
"110,219,110,227"
"110,092,110,193"
"110,050,110,209"
"110,163,110,195"
"110,194,110,205"
"110,060,110,166"
"109,993,110,127"
"110,002,110,144"
"110,119,110,152"
"110,138,110,167"
"110,121,110,161"
"110,009,110,137"
"110,020,110,156"
"110,145,110,242"
"110,183,110,228"
"110,177,110,200"
"110,106,110,223"
"110,116,110,188"
"110,326,110,272"
"110,375,110,291"
"110,299,110,291"
"110,265,110,256"
"110,348,110,276"
"110,434,110,383"
"110,525,110,352"
"110,497,110,375"
"110,447,110,336"
"110,551,110,393"
"110,651,110,454"
"110,706,110,470"
"110,736,110,462"
"110,686,110,422"
"110,768,110,494"
"110,900,110,518"
"110,944,110,574"
"110,934,110,564"
"110,882,110,550"
"110,961,110,549"
"111,080,110,636"
"111,174,110,641"
"111,155,110,665"
"111,081,110,607"
"111,168,110,657"
"111,301,110,677"
"111,334,110,728"
"111,282,110,711"
"111,228,110,652"
"111,224,110,679"
"111,352,110,751"
"111,322,110,728"
"111,317,110,684"
"111,190,110,671"
"111,164,110,664"
"111,308,110,722"
"111,302,110,700"
"111,214,110,680"
"111,075,110,660"
"111,032,110,611"
"111,169,110,694"
"111,140,110,656"
"111,042,110,637"
"110,929,110,529"
"110,967,110,529"
"110,979,110,598"
"110,965,110,575"
"110,951,110,532"
"110,841,110,490"
"110,795,110,506"
"110,904,110,538"
"110,870,110,517"
"110,844,110,534"
"110,709,110,464"
"110,754,110,450"
"110,806,110,502"
"110,836,110,530"
"110,807,110,521"
"110,705,110,444"
"110,758,110,448"
"110,835,110,497"
"110,903,110,509"
"110,896,110,526"
"110,802,110,506"
"110,829,110,462"
"110,916,110,585"
"110,974,110,539"
"110,947,110,534"
"110,851,110,544"
"110,934,110,527"
"111,022,110,576"
"111,099,110,587"
"111,086,110,545"
"111,015,110,573"
"111,012,110,598"
"111,160,110,674"
"111,179,110,675"
"111,185,110,638"
"111,100,110,607"
"111,140,110,610"
"111,219,110,715"
"111,270,110,685"
"111,232,110,668"
"111,189,110,639"
"111,169,110,638"
"111,345,110,768"
"111,337,110,712"
"111,339,110,695"
"111,257,110,712"
"111,250,110,695"
"111,403,110,779"
"111,386,110,762"
"111,365,110,726"
"111,291,110,724"
"111,310,110,692"
"111,442,110,812"
"111,429,110,779"
"111,414,110,799"
"111,337,110,713"
"111,406,110,735"
"111,491,110,789"
"111,561,110,808"
"111,478,110,769"
"111,439,110,760"
"111,452,110,778"
"111,515,110,816"
"111,598,110,829"
"111,528,110,833"
"111,463,110,754"
"111,468,110,813"
"111,575,110,798"
"111,645,110,889"
"111,585,110,805"
"111,504,110,779"
"111,503,110,821"
"111,621,110,874"
"111,639,110,893"
"111,656,110,858"
"111,581,110,845"
"111,541,110,838"
"111,675,110,874"
"111,747,110,912"
"111,654,110,889"
"111,559,110,826"
"111,631,110,878"
"111,711,110,910"
"111,687,110,909"
"111,653,110,871"
"111,541,110,808"
"111,498,110,809"
"111,492,110,818"
"111,436,110,785"
"111,265,110,708"
"111,099,110,575"
"110,948,110,565"
"110,941,110,573"
"110,798,110,497"
"110,610,110,399"
"110,416,110,303"
"110,317,110,288"
"110,322,110,308"
"110,259,110,228"
"110,135,110,181"
"109,980,110,105"
"109,960,110,097"
"110,009,110,149"
"109,981,110,129"
"109,917,110,081"
"109,794,110,041"
"109,768,110,020"
"109,858,110,062"
"109,877,110,077"
"109,798,110,070"
"109,715,110,022"
"109,737,109,994"
"109,813,110,071"
"109,850,110,079"
"109,817,110,073"
"109,749,109,985"
"109,808,110,048"
"109,917,110,070"
"109,942,110,105"
"109,937,110,115"
"109,841,110,076"
"109,933,110,085"
"110,009,110,138"
"110,118,110,152"
"110,076,110,178"
"109,999,110,113"
"110,086,110,172"
"110,204,110,234"
"110,243,110,254"
"110,244,110,257"
"110,189,110,177"
"110,227,110,262"
"110,380,110,323"
"110,419,110,309"
"110,480,110,311"
"110,388,110,309"
"110,432,110,348"
"110,585,110,410"
"110,670,110,431"
"110,625,110,387"
"110,644,110,390"
"110,669,110,445"
"110,821,110,509"
"110,880,110,525"
"110,872,110,484"
"110,808,110,479"
"110,894,110,462"
"110,968,110,559"
"111,037,110,586"
"110,992,110,542"
"110,935,110,523"
"110,921,110,522"
"111,010,110,581"
"111,080,110,592"
"111,003,110,523"
"110,903,110,514"
"110,869,110,480"
"110,959,110,532"
"111,002,110,548"
"110,876,110,518"
"110,802,110,444"
"110,800,110,440"
"110,900,110,499"
"110,862,110,518"
"110,814,110,454"
"110,692,110,428"
"110,733,110,409"
"110,813,110,459"
"110,809,110,475"
"110,760,110,405"
"110,686,110,358"
"110,658,110,443"
"110,780,110,445"
"110,817,110,465"
"110,751,110,405"
"110,667,110,371"
"110,680,110,417"
"110,805,110,459"
"110,848,110,475"
"110,801,110,451"
"110,696,110,414"
"110,771,110,423"
"110,900,110,501"
"110,907,110,515"
"110,905,110,464"
"110,833,110,478"
"110,856,110,464"
"111,010,110,561"
"111,021,110,551"
"111,023,110,533"
"110,927,110,481"
"111,025,110,548"
"111,115,110,611"
"111,171,110,559"
"111,113,110,611"
"111,053,110,539"
"111,153,110,585"
"111,226,110,628"
"111,323,110,653"
"111,254,110,617"
"111,212,110,613"
"111,219,110,665"
"111,400,110,679"
"111,392,110,709"
"111,381,110,720"
"111,281,110,612"
"111,327,110,704"
"111,467,110,738"
"111,496,110,714"
"111,477,110,730"
"111,330,110,696"
"111,440,110,726"
"111,523,110,778"
"111,580,110,757"
"111,519,110,758"
"111,470,110,712"
"111,465,110,742"
"111,591,110,785"
"111,689,110,819"
"111,546,110,762"
"111,494,110,710"
"111,494,110,766"
"111,641,110,797"
"111,648,110,835"
"111,669,110,782"
"111,553,110,774"
"111,591,110,759"
"111,742,110,837"
"111,701,110,833"
"111,695,110,831"
"111,588,110,789"
